"","identify","oricode","agenst","agenam1","rathom1","rathom2","rathom3","rathom4","rathom5","rathom6","rathom7","rathom8","rathom9","rathom10","rathom11","rathom12","rathom13","rathom14","rathom15","rathom16","rathom17","rathom18","rathom19","rathom20","rathom21","rathom22","rathom23","rathom24","rathom25","rathom26","rathom27","rathom28","rathom29","rathom30","rathom31","rathom32","rathom33","rathom34","rathom35","rathom36","rathom37","rathom38","agenam33","meanclea","group","time1","time2","time3","time4","time5","time6","time7","time8","time9","time10","time11","time12","time13","time14","time15","time16","time17","time18","time19","time20","time21","time22","time23","time24","time25","time26","time27","time28","time29","time30","time31","time32","time33","time34","time35","time36","time37","time38","rm1","rm2","rm3","rm4","rm5","rm6","rm7","rm8","rm9","rm10","rm11","rm12","rm13","rm14","rm15","rm16","rm17","rm18","rm19","rm20","rm21","rm22","rm23","rm24","rm25","rm26","rm27","rm28","rm29","rm30","rm31","rm32","rm33","rm34","rm35","rm36","rm37","rm38","totrm","_traj_Group","_traj_ProbG1","_traj_ProbG2","_traj_ProbG3","_traj_ProbG4","column1","var129"
"1","1","0","0","0",0.200000002980232,0.846153855323792,0.822222232818604,0.957746505737305,0.968085110187531,0.848214268684387,0.911111116409302,0.782178223133087,0.918918907642365,0.903225839138031,0.761363625526428,0.824742257595062,0.890109896659851,0.785714268684387,0.766666650772095,0.876288652420044,0.818181812763214,0.702380955219269,0.77173912525177,0.699999988079071,0.695999979972839,0.755395650863647,0.646616518497467,0,0,0,0,0,0,0,0,0,0,0,0,0,0.621951222419739,0,"0",0.494079113006592,"3",0.5,1,1.5,2,2.5,3,3.5,4,4.5,5,5.5,6,6.5,7,7.5,8,8.5,9,9.5,10,10.5,11,11.5,12,12.5,13,13.5,14,14.5,15,15.5,16,16.5,17,17.5,18,18.5,19,0,0,0,0,0,0,0,0,0,0,0,0,0,0,0,0,0,0,0,0,0,0,0,1,1,1,1,1,1,1,1,1,1,1,1,1,0,1,14,NA,NA,NA,NA,NA,"1","AL00102"
"2","2","0","0","0",0.850000023841858,0.884615361690521,0.899999976158142,0.918367326259613,0.910714268684387,0.959183692932129,1.08000004291534,0.850746273994446,1.12962961196899,0.903846144676208,1.01851856708527,0.846153855323792,0.729166686534882,0.72972971200943,0.783783793449402,0.615384638309479,0.744680821895599,0.65625,0.676470577716827,1.14999997615814,0,1.02499997615814,0.828571438789368,0,0,0,0,0,0,0,0,0,0,0,0.647058844566345,0.921052634716034,0.809523820877075,0.75,"0",0.587327599525452,"3",0.5,1,1.5,2,2.5,3,3.5,4,4.5,5,5.5,6,6.5,7,7.5,8,8.5,9,9.5,10,10.5,11,11.5,12,12.5,13,13.5,14,14.5,15,15.5,16,16.5,17,17.5,18,18.5,19,0,0,0,0,0,0,0,0,0,0,0,0,0,0,0,0,0,0,0,0,1,0,0,1,1,1,1,1,1,1,1,1,1,1,0,0,0,0,12,NA,NA,NA,NA,NA,"2","AL00201"
"3","3","0","0","0",0.903225839138031,0.976744174957275,0.794117629528046,0.891891896724701,1,0.872727274894714,0.800000011920929,0.846153855323792,0.885714292526245,0.918918907642365,0.973684191703796,0.800000011920929,0.863636374473572,0.916666686534882,0.833333313465118,0.954545438289642,0.952380955219269,0.52173912525177,0.439999997615814,0.852941155433655,0,0.611111104488373,0.71875,0,0,0,0,0.620000004768372,0.800000011920929,1,0,0,0.629999995231628,0.75862067937851,0.703703701496124,0.717391312122345,0.91304349899292,0.838709652423859,"0",0.66604608297348,"3",0.5,1,1.5,2,2.5,3,3.5,4,4.5,5,5.5,6,6.5,7,7.5,8,8.5,9,9.5,10,10.5,11,11.5,12,12.5,13,13.5,14,14.5,15,15.5,16,16.5,17,17.5,18,18.5,19,0,0,0,0,0,0,0,0,0,0,0,0,0,0,0,0,0,0,0,0,1,0,0,1,1,1,1,0,0,0,1,1,0,0,0,0,0,0,7,1,0.996237993240356,0.0019227338489145,0.00183926231693476,7.30090033568276e-13,"3","AL00301"
"4","4","0","0","0",0.818181812763214,1,0.705882370471954,1,0.916666686534882,1,0.375,0.666666686534882,0.8125,0.5625,0.533333301544189,0.75,0.47826087474823,0.75,0.875,0.714285731315613,0.470588237047195,0.466666668653488,0.692307710647583,1.09090912342072,0.699999988079071,0.360000014305115,0.529411733150482,0.519999980926514,0.681818187236786,0.612903237342834,0.653846144676208,0.569999992847443,0.545000016689301,0.523000001907349,0.899999976158142,0.909090936183929,1.04999995231628,0.625,0.705882370471954,0.772727251052856,0.699999988079071,0.857142865657806,"0",0.707751870155334,"2",0.5,1,1.5,2,2.5,3,3.5,4,4.5,5,5.5,6,6.5,7,7.5,8,8.5,9,9.5,10,10.5,11,11.5,12,12.5,13,13.5,14,14.5,15,15.5,16,16.5,17,17.5,18,18.5,19,0,0,0,0,0,0,0,0,0,0,0,0,0,0,0,0,0,0,0,0,0,0,0,0,0,0,0,0,0,0,0,0,0,0,0,0,0,0,0,1,0.668354272842407,9.94645142782247e-06,0.331624239683151,1.15390485007083e-05,"4","AK00101"
"5","5","0","0","0",1,0,1,1,1,0.699999988079071,0.875,0.699999988079071,0.75,1,1,0.75,0.625,0.857142865657806,1,0.800000011920929,0.714285731315613,0.692307710647583,0.583333313465118,0.833333313465118,0.800000011920929,1,0.833333313465118,0.631578922271729,1,0.888888895511627,0.636363625526428,0.910000026226044,0.916000008583069,0.759999990463257,0.75,0.400000005960464,0.360000014305115,0.789473652839661,0.476190477609634,0.666666686534882,0.705882370471954,0.722222208976746,"0",0.766500055789948,"1",0.5,1,1.5,2,2.5,3,3.5,4,4.5,5,5.5,6,6.5,7,7.5,8,8.5,9,9.5,10,10.5,11,11.5,12,12.5,13,13.5,14,14.5,15,15.5,16,16.5,17,17.5,18,18.5,19,0,1,0,0,0,0,0,0,0,0,0,0,0,0,0,0,0,0,0,0,0,0,0,0,0,0,0,0,0,0,0,0,0,0,0,0,0,0,1,3,7.46975774745806e-06,7.64183027968102e-08,0.996189177036285,0.00380330486223102,"5","AZ00713"
"6","6","0","0","0",1,1,1,1,0.909090936183929,1,1,0.928571403026581,0.75,1,0.899999976158142,1,0.333333343267441,0.699999988079071,0.833333313465118,1,0.909090936183929,0.555555582046509,0.727272748947144,0.699999988079071,1,1.05882358551025,0.777777791023254,0.75,0.588235318660736,0.789473652839661,0.736842095851898,0.810000002384186,0.833329975605011,0.600000023841858,0.611111104488373,0.419999986886978,0.25,0.517241358757019,0.576923072338104,0.818181812763214,1.25,0.857142865657806,"0",0.802403450012207,"1",0.5,1,1.5,2,2.5,3,3.5,4,4.5,5,5.5,6,6.5,7,7.5,8,8.5,9,9.5,10,10.5,11,11.5,12,12.5,13,13.5,14,14.5,15,15.5,16,16.5,17,17.5,18,18.5,19,0,0,0,0,0,0,0,0,0,0,0,0,0,0,0,0,0,0,0,0,0,0,0,0,0,0,0,0,0,0,0,0,0,0,0,0,0,0,0,3,0.000157371687237173,5.87944137819818e-10,0.994299352169037,0.00554324686527252,"6","AZ00717"
"7","7","0","0","0",0.905982911586761,0.860000014305115,0.763513505458832,0.913385808467865,0.587912082672119,0.916666686534882,0.772357702255249,0.740963876247406,0.727272748947144,0.68478262424469,0.669902920722961,0.666666686534882,0.53125,0.88095235824585,0.682692289352417,0.652173936367035,0.695999979972839,0.640350878238678,0.842592597007751,0.69767439365387,0.762962937355042,0.778571426868439,0.654929578304291,0.724550902843475,0.593220353126526,0.536036014556885,0.575916230678558,0.388999998569489,0.404255300760269,0.484018266201019,0.439999997615814,0.452830195426941,0.47299998998642,0.409090906381607,0.395744681358337,0.771698117256165,0.508982062339783,0.631147563457489,"0",0.653132855892181,"2",0.5,1,1.5,2,2.5,3,3.5,4,4.5,5,5.5,6,6.5,7,7.5,8,8.5,9,9.5,10,10.5,11,11.5,12,12.5,13,13.5,14,14.5,15,15.5,16,16.5,17,17.5,18,18.5,19,0,0,0,0,0,0,0,0,0,0,0,0,0,0,0,0,0,0,0,0,0,0,0,0,0,0,0,0,0,0,0,0,0,0,0,0,0,0,0,2,0.228931769728661,0.386845290660858,0.38422292470932,2.0386989874055e-09,"7","AZ00723"
"8","8","0","0","0",0.75,1,1,0.125,0.375,0,0.444444447755814,0.5,0.5,0,1,1,1,0.75,0.666666686534882,0.875,1,1,0.625,0.666666686534882,NA,0.625,1,0.5,0.5,0.833333313465118,0.875,1,0.5,0.870000004768372,0.875,0.990000009536743,2,1,1,1,1.39999997615814,0.899999976158142,"0",0.787732720375061,"2",0.5,1,1.5,2,2.5,3,3.5,4,4.5,5,5.5,6,6.5,7,7.5,8,8.5,9,9.5,10,10.5,11,11.5,12,12.5,13,13.5,14,14.5,15,15.5,16,16.5,17,17.5,18,18.5,19,0,0,0,0,0,1,0,0,0,1,0,0,0,0,0,0,0,0,0,0,1,0,0,0,0,0,0,0,0,0,0,0,0,0,0,0,0,0,3,4,5.25011364516104e-06,1.41501554871688e-14,0.00115428434219211,0.99884045124054,"8","AZ00725"
"9","9","0","0","0",0.923076927661896,0.806451618671417,0.82051283121109,0.727272748947144,0.673469364643097,0.75,0.891891896724701,0.793103456497192,0.807692289352417,1,0.666666686534882,0.785714268684387,0.709677398204803,0.666666686534882,0.730769217014313,0.71875,0.585365831851959,1.08695650100708,0.806451618671417,0.756097555160522,0.757575750350952,0.692307710647583,0.761904776096344,0.863636374473572,0.702702701091766,0.545454561710358,0.553191483020782,0.730000019073486,0.680000007152557,0.842105269432068,0.590163946151733,0.590909063816071,0.693000018596649,0.545454561710358,0.686274528503418,0.714285731315613,0.584615409374237,0.628571450710297,"0",0.733387887477875,"2",0.5,1,1.5,2,2.5,3,3.5,4,4.5,5,5.5,6,6.5,7,7.5,8,8.5,9,9.5,10,10.5,11,11.5,12,12.5,13,13.5,14,14.5,15,15.5,16,16.5,17,17.5,18,18.5,19,0,0,0,0,0,0,0,0,0,0,0,0,0,0,0,0,0,0,0,0,0,0,0,0,0,0,0,0,0,0,0,0,0,0,0,0,0,0,0,3,0.000855441146995872,5.77905302634463e-06,0.999055564403534,8.31990910228342e-05,"9","AZ01003"
"10","10","0","0","0",1,0.692307710647583,0.969696998596191,1,0.884615361690521,0.777777791023254,0.899999976158142,0.833333313465118,0.666666686534882,0.571428596973419,0.684210538864136,0.842105269432068,0.545454561710358,0.545454561710358,0.785714268684387,0.75,0.818181812763214,0.571428596973419,0.684210538864136,0.481481492519379,0.699999988079071,0.319999992847443,0.257142871618271,0.727272748947144,0.5,0.720000028610229,0.571428596973419,0.879999995231628,0.560000002384186,0.730000019073486,0.75,0.75,0.550000011920929,0.699999988079071,0.400000005960464,0.705882370471954,1,1.55555558204651,"0",0.720561861991882,"2",0.5,1,1.5,2,2.5,3,3.5,4,4.5,5,5.5,6,6.5,7,7.5,8,8.5,9,9.5,10,10.5,11,11.5,12,12.5,13,13.5,14,14.5,15,15.5,16,16.5,17,17.5,18,18.5,19,0,0,0,0,0,0,0,0,0,0,0,0,0,0,0,0,0,0,0,0,0,0,0,0,0,0,0,0,0,0,0,0,0,0,0,0,0,0,0,1,0.948404252529144,1.81745491545371e-07,0.0515922009944916,3.38045015269017e-06,"10","CA03001"
"11","11","0","0","0",0.923076927661896,1.09090912342072,0.428571432828903,1.08333337306976,0.916666686534882,0.89473682641983,0.764705896377563,0.928571403026581,0.639999985694885,0.826086938381195,0.809523820877075,0.86956524848938,0.888888895511627,0.818181812763214,0.454545438289642,0.764705896377563,0.909090936183929,0.600000023841858,0.95652174949646,0.857142865657806,0.759999990463257,0.649999976158142,0.75,0.571428596973419,0.722222208976746,0.827586233615875,0.600000023841858,0.449999988079071,0.649999976158142,0.625,0.839999973773956,0.636363625526428,0.772700011730194,0.4375,0.708333313465118,0.466666668653488,0.680000007152557,0.518518507480621,"0",0.739240646362305,"2",0.5,1,1.5,2,2.5,3,3.5,4,4.5,5,5.5,6,6.5,7,7.5,8,8.5,9,9.5,10,10.5,11,11.5,12,12.5,13,13.5,14,14.5,15,15.5,16,16.5,17,17.5,18,18.5,19,0,0,0,0,0,0,0,0,0,0,0,0,0,0,0,0,0,0,0,0,0,0,0,0,0,0,0,0,0,0,0,0,0,0,0,0,0,0,0,3,0.000742416479624808,5.64633955946192e-06,0.999227106571198,2.48163032665616e-05,"11","CA01502"
"12","12","0","0","0",1,0.800000011920929,1,1,1,0.777777791023254,0.875,0.583333313465118,1,0.5,1,0.666666686534882,0.28571429848671,1,1,0.666666686534882,0.600000023841858,1,1,0.5,0,0.666666686534882,0.5,1,1,1,1.33333337306976,1,1,1,1,1,0.5,1,0.666666686534882,0.400000005960464,1.5,1,"0",0.837416470050812,"1",0.5,1,1.5,2,2.5,3,3.5,4,4.5,5,5.5,6,6.5,7,7.5,8,8.5,9,9.5,10,10.5,11,11.5,12,12.5,13,13.5,14,14.5,15,15.5,16,16.5,17,17.5,18,18.5,19,0,0,0,0,0,0,0,0,0,0,0,0,0,0,0,0,0,0,0,0,1,0,0,0,0,0,0,0,0,0,0,0,0,0,0,0,0,0,1,4,5.08964558321168e-06,6.45313999041467e-15,0.0278627928346395,0.97213214635849,"12","CA00105"
"13","13","0","0","0",0.75,0.766666650772095,0.653846144676208,0.909090936183929,0.909090936183929,0.935483872890472,0.756756782531738,0.689655184745789,0.5,0.720930218696594,0.740000009536743,0.666666686534882,0.575757563114166,0.90625,0.764705896377563,0.695652186870575,0.698113203048706,0.705882370471954,0.649999976158142,0.627906978130341,0.739130437374115,0.854545474052429,0.698795199394226,0.52747255563736,0.517647087574005,0.527777791023254,0.536231875419617,0.709999978542328,0.850000023841858,0.653846144676208,0.46000000834465,0.5,0.610000014305115,0.510204076766968,0.711538434028625,0.788461565971375,0.850000023841858,0.738095223903656,"0",0.694900035858154,"2",0.5,1,1.5,2,2.5,3,3.5,4,4.5,5,5.5,6,6.5,7,7.5,8,8.5,9,9.5,10,10.5,11,11.5,12,12.5,13,13.5,14,14.5,15,15.5,16,16.5,17,17.5,18,18.5,19,0,0,0,0,0,0,0,0,0,0,0,0,0,0,0,0,0,0,0,0,0,0,0,0,0,0,0,0,0,0,0,0,0,0,0,0,0,0,0,3,0.16270649433136,0.000419376417994499,0.836870074272156,4.07347397413105e-06,"13","CA01005"
"14","14","0","0","0",0.454545438289642,1,0.699999988079071,0.857142865657806,0.875,0.666666686534882,1.33333337306976,1.125,0.75,0.75,1.5,0.333333343267441,0.714285731315613,1,0.5,1.25,0.400000005960464,0.666666686534882,0.833333313465118,0.571428596973419,0.333333343267441,0.875,1,0.666666686534882,0.600000023841858,0.5,0.5,1.16666698455811,1.5,1.33333337306976,0.833329975605011,0.629999995231628,0.888888895511627,1,0,1,1,0.666666686534882,"0",0.809858441352844,"1",0.5,1,1.5,2,2.5,3,3.5,4,4.5,5,5.5,6,6.5,7,7.5,8,8.5,9,9.5,10,10.5,11,11.5,12,12.5,13,13.5,14,14.5,15,15.5,16,16.5,17,17.5,18,18.5,19,0,0,0,0,0,0,0,0,0,0,0,0,0,0,0,0,0,0,0,0,0,0,0,0,0,0,0,0,0,0,0,0,0,0,1,0,0,0,1,3,9.15366399567574e-06,3.09647793517165e-11,0.589293003082275,0.410697847604752,"14","CA01925"
"15","15","0","0","0",0.800000011920929,0.710526347160339,0.791044771671295,0.75862067937851,0.75,0.816666662693024,0.519999980926514,0.559523820877075,0.676470577716827,0.655737698078156,0.48192772269249,0.653333306312561,0.691176474094391,0.612903237342834,0.67441862821579,0.634920656681061,0.677419364452362,0.645161271095276,0.448275864124298,0.517647087574005,0.560747683048248,0.5,0.596153855323792,0.4921875,0.600000023841858,0.475609749555588,0.442105263471603,0.569999992847443,0.479999989271164,0.439999997615814,0.46000000834465,0.469387769699097,0.373134344816208,0.428571432828903,0.560975611209869,0.571428596973419,0.349999994039536,0.5,"0",0.577528297901154,"3",0.5,1,1.5,2,2.5,3,3.5,4,4.5,5,5.5,6,6.5,7,7.5,8,8.5,9,9.5,10,10.5,11,11.5,12,12.5,13,13.5,14,14.5,15,15.5,16,16.5,17,17.5,18,18.5,19,0,0,0,0,0,0,0,0,0,0,0,0,0,0,0,0,0,0,0,0,0,0,0,0,0,0,0,0,0,0,0,0,0,0,0,0,0,0,0,2,0.0124959014356136,0.987458348274231,4.57616188214161e-05,4.95434600107165e-16,"15","CA01941"
"16","16","0","0","0",0.707105696201324,0.699839472770691,0.63470321893692,0.717011153697968,0.731218695640564,0.651335299015045,0.609756112098694,0.567081570625305,0.684049069881439,0.642493665218353,0.623145401477814,0.618615210056305,0.622377634048462,0.670716881752014,0.700787425041199,0.718509018421173,0.645083904266357,0.704656839370728,0.706827282905579,0.630385518074036,0.681864261627197,0.682432413101196,0.587488651275635,0.600742816925049,0.589411735534668,0.566901385784149,0.576223790645599,0.579800009727478,0.580789983272552,0.479999989271164,0.400000005960464,0.406462579965591,0.528244256973267,0.570552170276642,0.568750023841858,0.594936728477478,0.567708313465118,0.583333313465118,"0",0.61661422252655,"3",0.5,1,1.5,2,2.5,3,3.5,4,4.5,5,5.5,6,6.5,7,7.5,8,8.5,9,9.5,10,10.5,11,11.5,12,12.5,13,13.5,14,14.5,15,15.5,16,16.5,17,17.5,18,18.5,19,0,0,0,0,0,0,0,0,0,0,0,0,0,0,0,0,0,0,0,0,0,0,0,0,0,0,0,0,0,0,0,0,0,0,0,0,0,0,0,2,0.0788668319582939,0.900712072849274,0.0204211249947548,7.34387550771487e-11,"16","CA01942"
"17","17","0","0","0",0.72641509771347,0.782608687877655,0.766990303993225,0.675675690174103,0.790123462677002,0.660714268684387,0.76146787405014,0.56521737575531,0.653061211109161,0.60185182094574,0.751879692077637,0.689075648784637,0.863157868385315,0.649999976158142,0.773913025856018,0.670000016689301,0.648854970932007,0.601694941520691,0.587719321250916,0.569230794906616,0.59060400724411,0.533333301544189,0.656804740428925,0.438709676265717,0.567375898361206,NA,0.393617033958435,0.494899988174438,0.643835604190826,0.666666686534882,0.5,0.380952388048172,0.324070006608963,0.129032656550407,0.303448289632797,0.25,0.243478253483772,0.490384608507156,"0",0.57829362154007,"3",0.5,1,1.5,2,2.5,3,3.5,4,4.5,5,5.5,6,6.5,7,7.5,8,8.5,9,9.5,10,10.5,11,11.5,12,12.5,13,13.5,14,14.5,15,15.5,16,16.5,17,17.5,18,18.5,19,0,0,0,0,0,0,0,0,0,0,0,0,0,0,0,0,0,0,0,0,0,0,0,0,0,1,0,0,0,0,0,0,0,0,0,0,0,0,1,2,6.95238632033579e-05,0.999917685985565,1.27783951029414e-05,6.04855705896904e-17,"17","CA00109"
"18","18","0","0","0",0.75,0.571428596973419,0.611111104488373,0.857142865657806,0.720000028610229,0.866666674613953,0.600000023841858,0.777777791023254,0.631578922271729,0.473684221506119,0.681818187236786,0.928571403026581,0.923076927661896,0.545454561710358,0.533333301544189,0.600000023841858,0.807692289352417,0.647058844566345,0.307692319154739,0.639999985694885,0.636363625526428,0.512820482254028,0.5,0.666666686534882,0.60526317358017,0.638888895511627,0.444444447755814,0.509999990463257,0.823529422283173,0.5,0.705882370471954,0.649999976158142,0.761900007724762,0.800000011920929,0.545454561710358,1,0.263157904148102,0.866666674613953,"0",0.655398070812225,"3",0.5,1,1.5,2,2.5,3,3.5,4,4.5,5,5.5,6,6.5,7,7.5,8,8.5,9,9.5,10,10.5,11,11.5,12,12.5,13,13.5,14,14.5,15,15.5,16,16.5,17,17.5,18,18.5,19,0,0,0,0,0,0,0,0,0,0,0,0,0,0,0,0,0,0,0,0,0,0,0,0,0,0,0,0,0,0,0,0,0,0,0,0,0,0,0,1,0.83758807182312,0.00915074534714222,0.153261125087738,6.75816380635297e-08,"18","CA03313"
"19","19","0","0","0",0.533333301544189,0.864406764507294,0.753846168518066,0.783783793449402,0.893617033958435,0.775862097740173,0.838235318660736,0.762711882591248,0.774193525314331,0.851063847541809,0.739130437374115,0.777777791023254,0.744186043739319,0.788461565971375,0.866666674613953,0.82051283121109,0.72857141494751,0.887499988079071,0.735294103622437,0.866666674613953,0.883720934391022,0.567164182662964,0.800000011920929,0.764705896377563,0.887096762657166,0.74137932062149,1.06976747512817,0.699999988079071,1.29999995231628,0.850000023841858,0.779999971389771,0.829999983310699,0.735000014305115,0.711538434028625,0.578947365283966,0.840909063816071,0.897959172725677,1.06666672229767,"0",0.810280978679657,"1",0.5,1,1.5,2,2.5,3,3.5,4,4.5,5,5.5,6,6.5,7,7.5,8,8.5,9,9.5,10,10.5,11,11.5,12,12.5,13,13.5,14,14.5,15,15.5,16,16.5,17,17.5,18,18.5,19,0,0,0,0,0,0,0,0,0,0,0,0,0,0,0,0,0,0,0,0,0,0,0,0,0,0,0,0,0,0,0,0,0,0,0,0,0,0,0,4,9.8008183613274e-07,2.13193828910163e-12,0.136139675974846,0.863859355449677,"19","CA03404"
"20","20","0","0","0",1.04210531711578,1.01369857788086,0.893333315849304,0.922222197055817,0.89814817905426,1.05208337306976,0.980582535266876,0.754901945590973,0.710144937038422,0.625,0.640776693820953,0.797872364521027,0.847222208976746,0.848101258277893,0.828571438789368,0.791666686534882,0.673076927661896,0.625,0.486111104488373,0.699186980724335,0.466666668653488,0.550898194313049,0.643835604190826,0.45864662528038,0.556521713733673,0.597826063632965,0.762499988079071,0.882300019264221,0.850000023841858,0.639999985694885,0.529999971389771,0.759999990463257,0.787199974060059,0.882352948188782,0.558823525905609,0.644067823886871,0.9454545378685,1.17073166370392,"0",0.758358716964722,"2",0.5,1,1.5,2,2.5,3,3.5,4,4.5,5,5.5,6,6.5,7,7.5,8,8.5,9,9.5,10,10.5,11,11.5,12,12.5,13,13.5,14,14.5,15,15.5,16,16.5,17,17.5,18,18.5,19,0,0,0,0,0,0,0,0,0,0,0,0,0,0,0,0,0,0,0,0,0,0,0,0,0,0,0,0,0,0,0,0,0,0,0,0,0,0,0,3,0.272500038146973,3.32028697869191e-08,0.727104365825653,0.000395540002500638,"20","CA03711"
"21","21","0","0","0",0.47590360045433,0.398773014545441,0.541984736919403,0.512048184871674,0.486187845468521,0.454106271266937,0.402439028024673,0.589285731315613,0.703389823436737,0.633928596973419,0.672727286815643,0.714285731315613,0.675675690174103,0.590361475944519,0.602739751338959,0.588235318660736,0.59649121761322,0.611650466918945,0.774193525314331,0.698630154132843,0.666666686534882,0.53125,0.410256415605545,0.465116292238235,0.296703308820724,0.252525240182877,0.878048777580261,0.430999994277954,0.453000009059906,0.484375,0.474576264619827,0.516129016876221,0.318800002336502,0.375,0.5,0.479999989271164,0.173469394445419,0.711111128330231,"0",0.53002804517746,"3",0.5,1,1.5,2,2.5,3,3.5,4,4.5,5,5.5,6,6.5,7,7.5,8,8.5,9,9.5,10,10.5,11,11.5,12,12.5,13,13.5,14,14.5,15,15.5,16,16.5,17,17.5,18,18.5,19,0,0,0,0,0,0,0,0,0,0,0,0,0,0,0,0,0,0,0,0,0,0,0,0,0,0,0,0,0,0,0,0,0,0,0,0,0,0,0,2,1.97057815967128e-05,0.99998015165329,1.49359834722418e-07,6.63177115164576e-19,"21","CA03801"
"22","22","0","0","0",0.899999976158142,0.920000016689301,0.888888895511627,0.919354856014252,0.942307710647583,0.909090936183929,0.846153855323792,0.830769240856171,0.888888895511627,0.777777791023254,0.809523820877075,0.724637687206268,0.902438998222351,0.833333313465118,0.770833313465118,0.800000011920929,0.717948734760284,0.958333313465118,0.621621608734131,0.904761910438538,0.611111104488373,0.563636362552643,0.627906978130341,0.926829278469086,0.848484873771667,0.842105269432068,0.649999976158142,0.400000005960464,0.600000023841858,0.879999995231628,0.839999973773956,0.75,1,0.961538434028625,0.620689630508423,0.727272748947144,0.645161271095276,0.714285731315613,"0",0.791465401649475,"1",0.5,1,1.5,2,2.5,3,3.5,4,4.5,5,5.5,6,6.5,7,7.5,8,8.5,9,9.5,10,10.5,11,11.5,12,12.5,13,13.5,14,14.5,15,15.5,16,16.5,17,17.5,18,18.5,19,0,0,0,0,0,0,0,0,0,0,0,0,0,0,0,0,0,0,0,0,0,0,0,0,0,0,0,0,0,0,0,0,0,0,0,0,0,0,0,3,0.000154201537952758,1.14643505799705e-09,0.983992040157318,0.0158537849783897,"22","CA04313"
"23","23","0","0","0",0.785714268684387,0.888888895511627,0.882352948188782,0.733333349227905,0.857142865657806,0.791666686534882,0.809523820877075,0.857142865657806,0.409090906381607,0.566666662693024,0.538461565971375,0.636363625526428,0.909090936183929,0.576923072338104,0.307692319154739,0.636363625526428,0.625,0.774193525314331,0.578947365283966,0.471698105335236,0.348837196826935,0.338983058929443,0.310344815254211,0.282051265239716,0.459459453821182,0.291666656732559,0.468085110187531,0.518499970436096,0.86956524848938,1.66666662693024,1.11099994182587,0.541666686534882,0.434700012207031,0.647058844566345,0.846153855323792,0.95652174949646,0.533333301544189,1.24000000953674,"0",0.671075046062469,"3",0.5,1,1.5,2,2.5,3,3.5,4,4.5,5,5.5,6,6.5,7,7.5,8,8.5,9,9.5,10,10.5,11,11.5,12,12.5,13,13.5,14,14.5,15,15.5,16,16.5,17,17.5,18,18.5,19,0,0,0,0,0,0,0,0,0,0,0,0,0,0,0,0,0,0,0,0,0,0,0,0,0,0,0,0,0,0,0,0,0,0,0,0,0,0,0,1,0.999302804470062,9.35533648771525e-07,0.000696233008056879,2.29398988693674e-09,"23","CA03019"
"24","24","0","0","0",0.769230782985687,0.680000007152557,0.777777791023254,0.878787875175476,0.809523820877075,0.633333325386047,0.84375,0.675000011920929,0.78125,0.628571450710297,0.666666686534882,0.883720934391022,0.720930218696594,0.666666686534882,0.517241358757019,0.666666686534882,0.777777791023254,0.529411733150482,0.585365831851959,0.772727251052856,0.745098054409027,0.581818163394928,0.490566045045853,0.63043475151062,0.555555582046509,0.534883737564087,0.826086938381195,0.850000023841858,0.46000000834465,0.699999988079071,0.699999988079071,0.366666674613953,0.638888895511627,0.439024388790131,0.540540516376495,0.551724135875702,0.666666686534882,0.424242407083511,"0",0.657015740871429,"2",0.5,1,1.5,2,2.5,3,3.5,4,4.5,5,5.5,6,6.5,7,7.5,8,8.5,9,9.5,10,10.5,11,11.5,12,12.5,13,13.5,14,14.5,15,15.5,16,16.5,17,17.5,18,18.5,19,0,0,0,0,0,0,0,0,0,0,0,0,0,0,0,0,0,0,0,0,0,0,0,0,0,0,0,0,0,0,0,0,0,0,0,0,0,0,0,3,0.191363826394081,0.171509712934494,0.637126445770264,2.88556538663443e-08,"24","CA03905"
"25","25","0","0","0",1,1,1,1,0.571428596973419,1,1,NA,NA,0.777777791023254,0.600000023841858,0.583333313465118,0.818181812763214,1,0.615384638309479,0.800000011920929,0.625,0.590909063816071,1,1,0.899999976158142,NA,0.777777791023254,0.727272748947144,0.705882370471954,0.333333343267441,0,0,0.899999976158142,0.5,0.699999988079071,0.722222208976746,0.528999984264374,0.28571429848671,0.333333343267441,0.28571429848671,1.38888883590698,1,"0",0.716318726539612,"2",0.5,1,1.5,2,2.5,3,3.5,4,4.5,5,5.5,6,6.5,7,7.5,8,8.5,9,9.5,10,10.5,11,11.5,12,12.5,13,13.5,14,14.5,15,15.5,16,16.5,17,17.5,18,18.5,19,0,0,0,0,0,0,0,1,1,0,0,0,0,0,0,0,0,0,0,0,0,1,0,0,0,0,1,1,0,0,0,0,0,0,0,0,0,0,5,3,0.264403909444809,0.000146577978739515,0.735448598861694,9.37395270739216e-07,"25","CO00101"
"26","26","0","0","0",0.789473652839661,0.588235318660736,0.964285731315613,0.75,0.814814805984497,0.5,1.18181812763214,0.699999988079071,1,0.909090936183929,0.785714268684387,0.833333313465118,0.857142865657806,0.714285731315613,1.16666662693024,0.846153855323792,0.91304349899292,0.866666674613953,NA,0.833333313465118,0.777777791023254,0.730769217014313,0.941176474094391,1,0.800000011920929,0.842105269432068,0.916666686534882,0,0.708000004291534,0.660000026226044,0.639999985694885,0.6875,0.730000019073486,0.666666686534882,0.866666674613953,0.777777791023254,0.833333313465118,0.933333337306976,"0",0.797995448112488,"1",0.5,1,1.5,2,2.5,3,3.5,4,4.5,5,5.5,6,6.5,7,7.5,8,8.5,9,9.5,10,10.5,11,11.5,12,12.5,13,13.5,14,14.5,15,15.5,16,16.5,17,17.5,18,18.5,19,0,0,0,0,0,0,0,0,0,0,0,0,0,0,0,0,0,0,1,0,0,0,0,0,0,0,0,1,0,0,0,0,0,0,0,0,0,0,2,3,1.03149177448358e-05,7.88732357204225e-10,0.903266131877899,0.0967235267162323,"26","CO02101"
"27","27","0","0","0",0.833333313465118,0.633333325386047,0.813953518867493,0.649484515190125,0.680000007152557,0.560975611209869,0.7289719581604,NA,0.707070708274841,0.818181812763214,0.455445528030396,0.620000004768372,0.735294103622437,0.582278490066528,0.800000011920929,0.671232879161835,0.677419364452362,0.787500023841858,0.628571450710297,0.839285731315613,0.567164182662964,0.397727280855179,0.378947377204895,0.391891896724701,0.463414639234543,0.768292665481567,0.625,0.724900007247925,0.725490212440491,0.650793671607971,0.509999990463257,0.489361703395844,0.449999988079071,0.135593220591545,0.156862750649452,0.34042552113533,0.925000011920929,0.714285731315613,"0",0.611823856830597,"3",0.5,1,1.5,2,2.5,3,3.5,4,4.5,5,5.5,6,6.5,7,7.5,8,8.5,9,9.5,10,10.5,11,11.5,12,12.5,13,13.5,14,14.5,15,15.5,16,16.5,17,17.5,18,18.5,19,0,0,0,0,0,0,0,1,0,0,0,0,0,0,0,0,0,0,0,0,0,0,0,0,0,0,0,0,0,0,0,0,0,0,0,0,0,0,1,2,0.0662134662270546,0.923440992832184,0.0103455623611808,1.05536161407183e-11,"27","CODPD00"
"28","28","0","0","0",1.00438594818115,0.6763636469841,0.680451154708862,0.680921077728271,0.955413997173309,0.903345704078674,0.875,0.807339429855347,0.821256041526794,0.774725258350372,0.717073142528534,0.627802670001984,0.659793794155121,0.74316942691803,0.691428542137146,0.646258473396301,0.80927836894989,0.479999989271164,0.555555582046509,0.552995383739471,0.561440706253052,0.593361020088196,0.523702025413513,0.522026419639587,0.576059877872467,0.379501402378082,0.239294707775116,0.400000005960464,0.370000004768372,0.310000002384186,0.319999992847443,0.329004317522049,0.552999973297119,0.610256433486938,0.644970417022705,0.701657474040985,0.75268816947937,0.75,"0",0.626303195953369,"3",0.5,1,1.5,2,2.5,3,3.5,4,4.5,5,5.5,6,6.5,7,7.5,8,8.5,9,9.5,10,10.5,11,11.5,12,12.5,13,13.5,14,14.5,15,15.5,16,16.5,17,17.5,18,18.5,19,0,0,0,0,0,0,0,0,0,0,0,0,0,0,0,0,0,0,0,0,0,0,0,0,0,0,0,0,0,0,0,0,0,0,0,0,0,0,0,1,0.922267377376556,0.0743915587663651,0.00334106595255435,9.44659498194889e-13,"28","DCMPD00"
"29","29","0","0","0",0.933333337306976,0.818181812763214,0.923076927661896,0.769230782985687,0.578947365283966,0.6875,0.545454561710358,0.615384638309479,0.600000023841858,0.230769231915474,0.5,0.435897439718246,0.384615391492844,0.333333343267441,0.363636374473572,0.375,0.428571432828903,0.5,NA,0,0.357142865657806,0.28571429848671,0.888888895511627,NA,NA,0.352941185235977,0,0,0.600000023841858,0.620000004768372,0.660000026226044,0.699999988079071,0.555559992790222,0.75,0.800000011920929,1,0.875,0.75,"0",0.54909086227417,"3",0.5,1,1.5,2,2.5,3,3.5,4,4.5,5,5.5,6,6.5,7,7.5,8,8.5,9,9.5,10,10.5,11,11.5,12,12.5,13,13.5,14,14.5,15,15.5,16,16.5,17,17.5,18,18.5,19,0,0,0,0,0,0,0,0,0,0,0,0,0,0,0,0,0,0,1,1,0,0,0,1,1,0,1,1,0,0,0,0,0,0,0,0,0,0,6,1,0.999760031700134,0.000239965229411609,1.28064590043664e-08,2.19998465319221e-18,"29","FL01304"
"30","30","0","0","0",0.8125,0.932835817337036,0.832335352897644,0.858064532279968,0.75862067937851,0.760869562625885,0.811111092567444,0.725000023841858,0.797468364238739,0.891891896724701,0.819444417953491,0.736263751983643,0.79518073797226,0.686747014522552,0.733333349227905,0.711340188980103,0.652892589569092,0.60526317358017,NA,0,0.647727251052856,0.71875,0.600000023841858,0.803149580955505,0.740740716457367,0.540229916572571,0,0,0.573333024978638,0.740000009536743,0.734177231788635,0.564102530479431,0.607999980449677,0.615384638309479,0.645454525947571,0.569105684757233,0.660869598388672,0.787878811359406,"0",0.66135311126709,"3",0.5,1,1.5,2,2.5,3,3.5,4,4.5,5,5.5,6,6.5,7,7.5,8,8.5,9,9.5,10,10.5,11,11.5,12,12.5,13,13.5,14,14.5,15,15.5,16,16.5,17,17.5,18,18.5,19,0,0,0,0,0,0,0,0,0,0,0,0,0,0,0,0,0,0,1,1,0,0,0,0,0,0,1,1,0,0,0,0,0,0,0,0,0,0,4,1,0.958103597164154,0.00903936196118593,0.0328570567071438,4.59726062773669e-10,"30","FL01602"
"31","31","0","0","0",0.669291317462921,0.746268689632416,0.676923096179962,0.794117629528046,0.655737698078156,0.618644058704376,0.63043475151062,0.738095223903656,0.44329896569252,0.619403004646301,0.368181824684143,0.374407589435577,0.505263149738312,0.506756782531738,0.479532152414322,0.60447758436203,0.490066230297089,0.446153849363327,NA,0,0.48920863866806,0.455223888158798,0.453846156597137,0.49230769276619,0.529411733150482,0.375,0,0.532999992370605,0.479999989271164,0.349206358194351,0.211999997496605,0.363636374473572,0.430000007152557,1,0.272727280855179,0.141025632619858,0.60317462682724,0.389830499887466,"0",0.484774380922318,"3",0.5,1,1.5,2,2.5,3,3.5,4,4.5,5,5.5,6,6.5,7,7.5,8,8.5,9,9.5,10,10.5,11,11.5,12,12.5,13,13.5,14,14.5,15,15.5,16,16.5,17,17.5,18,18.5,19,0,0,0,0,0,0,0,0,0,0,0,0,0,0,0,0,0,0,1,1,0,0,0,0,0,0,1,0,0,0,0,0,0,0,0,0,0,0,3,2,0.000660945835988969,0.999339044094086,2.45749781635496e-10,1.00876308090713e-24,"31","FL01306"
"32","32","0","0","0",0.935483872890472,0.857142865657806,0.923076927661896,0.793103456497192,0.679245293140411,0.807692289352417,0.842105269432068,0.550000011920929,0.818181812763214,0.875,0.863636374473572,0.692307710647583,0.60869562625885,0.904761910438538,0.909090936183929,0.653846144676208,0.939393937587738,0.821428596973419,NA,0,0.709677398204803,0.617647051811218,0.705882370471954,0.809523820877075,0.75,0.666666686534882,0,0.600000023841858,0.649999976158142,0.666666686534882,0.5,0.523809492588043,0.779999971389771,0.699999988079071,0.571428596973419,0.5,0.5,0.636363625526428,"0",0.685455620288849,"2",0.5,1,1.5,2,2.5,3,3.5,4,4.5,5,5.5,6,6.5,7,7.5,8,8.5,9,9.5,10,10.5,11,11.5,12,12.5,13,13.5,14,14.5,15,15.5,16,16.5,17,17.5,18,18.5,19,0,0,0,0,0,0,0,0,0,0,0,0,0,0,0,0,0,0,1,1,0,0,0,0,0,0,1,0,0,0,0,0,0,0,0,0,0,0,3,3,0.206848993897438,0.0111689874902368,0.781981885433197,1.13165249615577e-07,"32","FL05214"
"33","33","0","0","0",NA,0.920000016689301,0.929411768913269,0.838709652423859,0.723404288291931,0.862068951129913,0.767441868782043,0.677419364452362,0.878048777580261,0.710526347160339,0.568181812763214,0.724637687206268,0.737704932689667,0.75,0.673076927661896,0.676056325435638,0.544303774833679,0.61904764175415,NA,0,0,0.46875,0.61224490404129,0.916666686534882,0.676470577716827,0.698113203048706,0,0.660000026226044,0.634140014648438,0.529411733150482,0.578000009059906,0.527777791023254,0.709999978542328,0.550000011920929,0.879999995231628,0.75,0.85185182094574,0.800000011920929,"0",0.651207387447357,"3",0.5,1,1.5,2,2.5,3,3.5,4,4.5,5,5.5,6,6.5,7,7.5,8,8.5,9,9.5,10,10.5,11,11.5,12,12.5,13,13.5,14,14.5,15,15.5,16,16.5,17,17.5,18,18.5,19,1,0,0,0,0,0,0,0,0,0,0,0,0,0,0,0,0,0,1,1,1,0,0,0,0,0,1,0,0,0,0,0,0,0,0,0,0,0,5,1,0.999153256416321,0.000117918243631721,0.000728835468180478,2.64538980998541e-11,"33","FL02902"
"34","34","0","0","0",0.91909384727478,0.886029422283173,0.895424842834473,0.911854088306427,0.899350643157959,0.894514799118042,0.863636374473572,0.942857146263123,0.798611104488373,0.692640662193298,0.701492547988892,0.762430965900421,0.756578922271729,0.818181812763214,0.814814805984497,0.7379310131073,0.664893627166748,0.663461565971375,0.71100914478302,0.593495905399323,0.740259766578674,0,0.752525269985199,0.699507415294647,0.708333313465118,0.675675690174103,0.756345152854919,0.660000026226044,0.819999992847443,0.689999997615814,0.670000016689301,0.680555582046509,0.740000009536743,0.633333325386047,0.609090924263,0.67441862821579,0.647619068622589,0.824999988079071,"0",0.734499156475067,"2",0.5,1,1.5,2,2.5,3,3.5,4,4.5,5,5.5,6,6.5,7,7.5,8,8.5,9,9.5,10,10.5,11,11.5,12,12.5,13,13.5,14,14.5,15,15.5,16,16.5,17,17.5,18,18.5,19,0,0,0,0,0,0,0,0,0,0,0,0,0,0,0,0,0,0,0,0,0,1,0,0,0,0,0,0,0,0,0,0,0,0,0,0,0,0,1,3,0.0583400763571262,4.19816751673352e-06,0.941628515720367,2.71856570179807e-05,"34","GAAPD00"
"35","35","0","0","0",0.965517222881317,0.928571403026581,0.921052634716034,1,0.866666674613953,0.909090936183929,NA,0.684210538864136,0.1875,0.352941185235977,0.733333349227905,0.684210538864136,0.588235318660736,0,0.25,0.600000023841858,0,0,0.0526315793395042,0,0,0.69696968793869,0.517241358757019,0.818181812763214,0.789473652839661,0.636363625526428,0.742857158184052,0.691999971866608,0.521730005741119,0.909090936183929,0.810000002384186,0.764705896377563,0.846099972724915,0.714285731315613,0.611111104488373,0.458333343267441,0.699999988079071,0.653846144676208,"0",0.853952765464783,"3",0.5,1,1.5,2,2.5,3,3.5,4,4.5,5,5.5,6,6.5,7,7.5,8,8.5,9,9.5,10,10.5,11,11.5,12,12.5,13,13.5,14,14.5,15,15.5,16,16.5,17,17.5,18,18.5,19,0,0,0,0,0,0,1,0,0,0,0,0,0,1,0,0,1,1,0,1,1,0,0,0,0,0,0,0,0,0,0,0,0,0,0,0,0,0,6,1,0.999969303607941,3.06216606986709e-05,6.30536192147702e-08,1.40208354598657e-17,"35","GA12100"
"36","36","0","0","0",0.944444417953491,0.870129883289337,0.652173936367035,0.548780500888824,0.511278212070465,0.53658539056778,0.617021262645721,0.739436626434326,0.578947365283966,0.791666686534882,0.692307710647583,1,0.839999973773956,0.666666686534882,0.720000028610229,0.527777791023254,0.260869562625885,0.666666686534882,0.448275864124298,NA,0.911764681339264,0.896551728248596,0.677419364452362,0.645161271095276,0.594594597816467,0.710526347160339,0.888888895511627,1.04999995231628,0.720000028610229,1.89999997615814,1.10000002384186,0.952380955219269,0.222222000360489,0,0,0,0,0,"0",0.645474016666412,"2",0.5,1,1.5,2,2.5,3,3.5,4,4.5,5,5.5,6,6.5,7,7.5,8,8.5,9,9.5,10,10.5,11,11.5,12,12.5,13,13.5,14,14.5,15,15.5,16,16.5,17,17.5,18,18.5,19,0,0,0,0,0,0,0,0,0,0,0,0,0,0,0,0,0,0,0,1,0,0,0,0,0,0,0,0,0,0,0,0,0,1,1,1,1,1,6,NA,NA,NA,NA,NA,"36","HI00200"
"37","37","0","0","0",0.903284668922424,0.921003699302673,0.911431491374969,0.85628741979599,0.825163424015045,0.892696142196655,0.857011914253235,0.855140209197998,0.826683282852173,0.792147815227509,0.75,0.787640452384949,0,0,NA,0,0.502652525901794,0.114658929407597,0,0,0.340775549411774,0,0.203125,0.437354981899261,0,0,0,0,0,0,0,0,0,0,0,0,0,0,"0",0.318298846483231,"3",0.5,1,1.5,2,2.5,3,3.5,4,4.5,5,5.5,6,6.5,7,7.5,8,8.5,9,9.5,10,10.5,11,11.5,12,12.5,13,13.5,14,14.5,15,15.5,16,16.5,17,17.5,18,18.5,19,0,0,0,0,0,0,0,0,0,0,0,0,1,1,1,1,0,0,1,1,0,1,0,0,1,1,1,1,1,1,1,1,1,1,1,1,1,1,21,NA,NA,NA,NA,NA,"37","ILCPD00"
"38","38","0","0","0",0.9375,0.923076927661896,0.777777791023254,0.928571403026581,0.642857134342194,0.571428596973419,0.764705896377563,0.800000011920929,0.533333301544189,0.5,0.307692319154739,1.05555558204651,1,0.666666686534882,2.66666674613953,0.380952388048172,1.1875,0.200000002980232,0.416666656732559,0.428571432828903,0.352941185235977,0.695652186870575,0.555555582046509,0.724137902259827,0.368421047925949,0.652173936367035,0.846153855323792,0.666700005531311,1,1,1,0.600000023841858,0.708000004291534,0.479999989271164,0.777777791023254,0.833333313465118,0.600000023841858,0.722222208976746,"0",0.744015574455261,"2",0.5,1,1.5,2,2.5,3,3.5,4,4.5,5,5.5,6,6.5,7,7.5,8,8.5,9,9.5,10,10.5,11,11.5,12,12.5,13,13.5,14,14.5,15,15.5,16,16.5,17,17.5,18,18.5,19,0,0,0,0,0,0,0,0,0,0,0,0,0,0,0,0,0,0,0,0,0,0,0,0,0,0,0,0,0,0,0,0,0,0,0,0,0,0,0,3,0.0028608946595341,5.14818850660959e-07,0.996455252170563,0.000683311023749411,"38","IN00201"
"39","39","0","0","0",0.800000011920929,0.731707334518433,0.782608687877655,0.797752797603607,0.901098906993866,0.684210538864136,1.04347825050354,0.777777791023254,0.85526317358017,0.847826063632965,0.925233662128448,0.876923084259033,0.782608687877655,1.24137926101685,1.35849058628082,0.682539701461792,0.454545438289642,0.439252346754074,0.503816783428192,0.936507940292358,0.822580635547638,0.765306115150452,0.685393273830414,1.01369857788086,0.601769924163818,0.673076927661896,NA,0.694909989833832,0.899328887462616,0.791304349899292,0.649484515190125,0.699115037918091,0.785713970661163,0.796296298503876,0.735714316368103,0.69298243522644,0.771929800510406,0.646464645862579,"0",0.787786245346069,"1",0.5,1,1.5,2,2.5,3,3.5,4,4.5,5,5.5,6,6.5,7,7.5,8,8.5,9,9.5,10,10.5,11,11.5,12,12.5,13,13.5,14,14.5,15,15.5,16,16.5,17,17.5,18,18.5,19,0,0,0,0,0,0,0,0,0,0,0,0,0,0,0,0,0,0,0,0,0,0,0,0,0,0,1,0,0,0,0,0,0,0,0,0,0,0,1,3,2.45557639573235e-05,4.34608748989262e-09,0.974083602428436,0.0258918423205614,"39","INIPD00"
"40","40","0","0","0",0.5,1,0.933333337306976,0.692307710647583,0.928571403026581,0.823529422283173,0.875,0.296296298503876,0.75862067937851,1,0.846153855323792,1.28571426868439,0.846153855323792,0.571428596973419,0.600000023841858,0.75,0.722222208976746,0.928571403026581,0.923076927661896,1,0.875,NA,0.571428596973419,0.636363625526428,0.666666686534882,0,0.5,0.5,0.823529005050659,0.538461565971375,0.732999980449677,0.636363625526428,0.777777791023254,0.666666686534882,1,1,0.583333313465118,0.666666686534882,"0",0.742060482501984,"2",0.5,1,1.5,2,2.5,3,3.5,4,4.5,5,5.5,6,6.5,7,7.5,8,8.5,9,9.5,10,10.5,11,11.5,12,12.5,13,13.5,14,14.5,15,15.5,16,16.5,17,17.5,18,18.5,19,0,0,0,0,0,0,0,0,0,0,0,0,0,0,0,0,0,0,0,0,0,1,0,0,0,1,0,0,0,0,0,0,0,0,0,0,0,0,2,3,0.00402404274791479,1.85926171525352e-06,0.995675146579742,0.000298932136502117,"40","IA07703"
"41","41","0","0","0",0.85185182094574,0.958333313465118,0.970588266849518,1,0.815789461135864,0.722222208976746,1,0.909090936183929,0.839999973773956,0.84375,0.75,0.720930218696594,1.06451618671417,0.962962985038757,0.916666686534882,0.555555582046509,1.13043475151062,0.791666686534882,0.600000023841858,0,0,0,0,0,0,0,0,0,0,0,0,0,0,0.5,0.576923072338104,0.574999988079071,0.733333349227905,0.759999990463257,"0",0.514463543891907,"3",0.5,1,1.5,2,2.5,3,3.5,4,4.5,5,5.5,6,6.5,7,7.5,8,8.5,9,9.5,10,10.5,11,11.5,12,12.5,13,13.5,14,14.5,15,15.5,16,16.5,17,17.5,18,18.5,19,0,0,0,0,0,0,0,0,0,0,0,0,0,0,0,0,0,0,0,1,1,1,1,1,1,1,1,1,1,1,1,1,1,0,0,0,0,0,14,NA,NA,NA,NA,NA,"41","KS08703"
"42","42","0","0","0",0.899999976158142,1,0.899999976158142,1,0.888888895511627,0.904761910438538,1.03999996185303,0.826086938381195,0.923076927661896,0.949999988079071,0.818181812763214,0.842105269432068,0.842105269432068,1,1.08333337306976,1,0.961538434028625,0.307692319154739,NA,1,0,1,0,0,0.52173912525177,0.714285731315613,0.857142865657806,0.943000018596649,0.954545021057129,0.720000028610229,0.540000021457672,0.541666686534882,1.06666994094849,0.933333337306976,1.33333337306976,0.875,0.916666686534882,0.923076927661896,"0",0.811573803424835,"1",0.5,1,1.5,2,2.5,3,3.5,4,4.5,5,5.5,6,6.5,7,7.5,8,8.5,9,9.5,10,10.5,11,11.5,12,12.5,13,13.5,14,14.5,15,15.5,16,16.5,17,17.5,18,18.5,19,0,0,0,0,0,0,0,0,0,0,0,0,0,0,0,0,0,0,1,0,1,0,1,1,0,0,0,0,0,0,0,0,0,0,0,0,0,0,4,3,0.0292089730501175,7.27597981864392e-11,0.91060870885849,0.0601823218166828,"42","KY03402"
"43","43","0","0","0",0.874015748500824,0.863636374473572,0.876033067703247,0.950495064258575,0.794117629528046,0.849462389945984,0.892156839370728,0.578947365283966,0.870967745780945,0.86956524848938,0.916666686534882,0.963636338710785,0.944444417953491,0.795454561710358,0.824999988079071,0.800000011920929,0.857142865657806,0.534883737564087,NA,0,0,0.67441862821579,0,0.815789461135864,0.754716992378235,0.699999988079071,0.553846120834351,0.330000013113022,0.31700000166893,0.660000026226044,0.660000026226044,0.519999980926514,0.448000013828278,0.400000005960464,0.46000000834465,0.507042229175568,0.577464818954468,0.790322601795197,"0",0.654735863208771,"2",0.5,1,1.5,2,2.5,3,3.5,4,4.5,5,5.5,6,6.5,7,7.5,8,8.5,9,9.5,10,10.5,11,11.5,12,12.5,13,13.5,14,14.5,15,15.5,16,16.5,17,17.5,18,18.5,19,0,0,0,0,0,0,0,0,0,0,0,0,0,0,0,0,0,0,1,1,1,0,1,0,0,0,0,0,0,0,0,0,0,0,0,0,0,0,4,1,0.886269748210907,0.0769042149186134,0.0368260182440281,3.36038211146139e-11,"43","KY05680"
"44","44","0","0","0",1,0.878787875175476,1.03030300140381,0.77142858505249,0.82051283121109,0.923076927661896,1,0.84375,1,0.846153855323792,0.774193525314331,0.982758641242981,0.906976759433746,0.851063847541809,0.848484873771667,0.769230782985687,0.901960790157318,0.942857146263123,0.959999978542328,0.906976759433746,0.779999971389771,0.852459013462067,0.830508470535278,0.763157904148102,0.850746273994446,0.652173936367035,0,0.819599986076355,0.776099979877472,0.660714268684387,0.666700005531311,0.717391312122345,0.639299988746643,0.795918345451355,0.666666686534882,0.647887349128723,0.597014904022217,0.573333323001862,"0",0.796004951000214,"1",0.5,1,1.5,2,2.5,3,3.5,4,4.5,5,5.5,6,6.5,7,7.5,8,8.5,9,9.5,10,10.5,11,11.5,12,12.5,13,13.5,14,14.5,15,15.5,16,16.5,17,17.5,18,18.5,19,0,0,0,0,0,0,0,0,0,0,0,0,0,0,0,0,0,0,0,0,0,0,0,0,0,0,1,0,0,0,0,0,0,0,0,0,0,0,1,3,5.82772599955206e-06,4.68195926472958e-09,0.997976124286652,0.00201804540120065,"44","LA01702"
"45","45","0","0","0",0.843537390232086,0.774193525314331,0.720207273960114,0.582278490066528,0.563063085079193,0.581005573272705,0.623711347579956,0.543147206306458,0.657534241676331,0.558704435825348,0.66515839099884,0.52073734998703,0.540425539016724,0.909523785114288,0.630841135978699,0.532894730567932,0.441624373197556,0.424390226602554,0.385964900255203,0.306772917509079,0.441176474094391,0.450867056846619,0.41218638420105,0.34343433380127,0.3915094435215,0.504109561443329,0.38746440410614,0.587999999523163,0.562770009040833,0.379999995231628,0.409999996423721,0.510999977588654,0.42960000038147,0.373134344816208,0.160493835806847,0.263157904148102,0.217877089977264,0.310344815254211,"0",0.498495817184448,"3",0.5,1,1.5,2,2.5,3,3.5,4,4.5,5,5.5,6,6.5,7,7.5,8,8.5,9,9.5,10,10.5,11,11.5,12,12.5,13,13.5,14,14.5,15,15.5,16,16.5,17,17.5,18,18.5,19,0,0,0,0,0,0,0,0,0,0,0,0,0,0,0,0,0,0,0,0,0,0,0,0,0,0,0,0,0,0,0,0,0,0,0,0,0,0,0,2,1.42564349516761e-05,0.999985754489899,3.96308735828299e-10,9.46670655765825e-25,"45","LANPD00"
"46","46","0","0","0",0.794117629528046,1,0.875,0.972972989082336,0.9375,0.916666686534882,0.933333337306976,NA,1.07894742488861,0.8125,0.833333313465118,0.944444417953491,0.89473682641983,0.8125,0.933333337306976,0.75,0.911111116409302,0.88095235824585,0.931034505367279,0.686274528503418,0.739130437374115,0.615384638309479,0.8125,NA,0.820895493030548,0.655737698078156,0.660377383232117,0.794110000133514,0.800000011920929,0.680000007152557,0.610000014305115,0.612903237342834,0.75,0.512820482254028,0.535714268684387,0.555555582046509,0.740740716457367,0.580645143985748,"0",0.788202047348022,"1",0.5,1,1.5,2,2.5,3,3.5,4,4.5,5,5.5,6,6.5,7,7.5,8,8.5,9,9.5,10,10.5,11,11.5,12,12.5,13,13.5,14,14.5,15,15.5,16,16.5,17,17.5,18,18.5,19,0,0,0,0,0,0,0,1,0,0,0,0,0,0,0,0,0,0,0,0,0,0,0,1,0,0,0,0,0,0,0,0,0,0,0,0,0,0,2,3,1.17766012408538e-05,2.37230484145812e-08,0.998751997947693,0.00123619183432311,"46","LA00901"
"47","47","0","0","0",0.899999976158142,0.842499971389771,0.922885596752167,0.882697939872742,0.816455721855164,0.857142865657806,0.900990128517151,0.820809245109558,0.833333313465118,0.734693884849548,0.777777791023254,0.84279477596283,0.806167423725128,0.786069631576538,0.782407402992249,0.779342710971832,0.770833313465118,0.740088105201721,0.735042750835419,0.679389297962189,0.754098355770111,0.713815808296204,0.707462668418884,0.736543893814087,0.666666686534882,0.458461552858353,0.622356474399567,0.367412000894547,0.369419991970062,0.769999980926514,0.777999997138977,0.430000007152557,0.470299988985062,0.542750954627991,0.532608687877655,0.546099305152893,0.461538463830948,0.550420165061951,"0",0.702352046966553,"2",0.5,1,1.5,2,2.5,3,3.5,4,4.5,5,5.5,6,6.5,7,7.5,8,8.5,9,9.5,10,10.5,11,11.5,12,12.5,13,13.5,14,14.5,15,15.5,16,16.5,17,17.5,18,18.5,19,0,0,0,0,0,0,0,0,0,0,0,0,0,0,0,0,0,0,0,0,0,0,0,0,0,0,0,0,0,0,0,0,0,0,0,0,0,0,0,3,0.00669158576056361,0.00217811693437397,0.991130113601685,1.70862634263358e-07,"47","MDBPD00"
"48","48","0","0","0",0.652777791023254,0.657142877578735,0.711111128330231,0.642857134342194,0.570422530174255,0.496240586042404,0.605769217014313,0.540000021457672,0.680555582046509,0.548387110233307,0.58695650100708,0.720000028610229,0.547368407249451,0.699999988079071,0.560975611209869,0.643678188323975,0.396226406097412,0.467532455921173,0.376344084739685,0.474747478961945,0.506944417953491,0.477876096963882,0.547945201396942,0.602040827274323,0.411764711141586,0.479166656732559,0.627118647098541,0.465115994215012,0.616999983787537,0.451612889766693,0.538461565971375,0.49230769276619,0.683329999446869,0.287681221961975,0.466666668653488,0.369230777025223,0.419354826211929,0.560000002384186,"0",0.541650295257568,"3",0.5,1,1.5,2,2.5,3,3.5,4,4.5,5,5.5,6,6.5,7,7.5,8,8.5,9,9.5,10,10.5,11,11.5,12,12.5,13,13.5,14,14.5,15,15.5,16,16.5,17,17.5,18,18.5,19,0,0,0,0,0,0,0,0,0,0,0,0,0,0,0,0,0,0,0,0,0,0,0,0,0,0,0,0,0,0,0,0,0,0,0,0,0,0,0,2,0.00230088294483721,0.997698307037354,8.2504573128972e-07,2.60365727071937e-18,"48","MA01301"
"49","49","0","0","0",0.62282395362854,0.645264863967896,0.645161271095276,0.589707911014557,0.667979001998901,0.70481926202774,0.70114940404892,0.731075704097748,0.769980490207672,0.754880666732788,0.714285731315613,0.567779958248138,0.595419824123383,0.545762717723846,0.507547199726105,0.415384620428085,0.576576590538025,0.64806866645813,0.712050080299377,0.694267511367798,0.653781533241272,0.624012649059296,0.5573770403862,0.592905402183533,0.567811906337738,0,0.589861750602722,0.438499987125397,0.5,0.458033561706543,0.431818187236786,0.503797471523285,0.375600010156631,0.302949070930481,0.280285030603409,0.377551019191742,0.213622286915779,0.225895315408707,"0",0.53957337141037,"3",0.5,1,1.5,2,2.5,3,3.5,4,4.5,5,5.5,6,6.5,7,7.5,8,8.5,9,9.5,10,10.5,11,11.5,12,12.5,13,13.5,14,14.5,15,15.5,16,16.5,17,17.5,18,18.5,19,0,0,0,0,0,0,0,0,0,0,0,0,0,0,0,0,0,0,0,0,0,0,0,0,0,1,0,0,0,0,0,0,0,0,0,0,0,0,1,2,4.36223353972309e-06,0.999995589256287,5.36606101775305e-08,6.43526483285795e-21,"49","MI82349"
"50","50","0","0","0",0.695652186870575,0.722222208976746,0.947368443012238,0.789473652839661,0.695652186870575,0.43478262424469,0.800000011920929,0.375,0.538461565971375,0.4375,0.620689630508423,0.680000007152557,1.04347825050354,0.681818187236786,0.61904764175415,0.842105269432068,0.600000023841858,0.75,0.518518507480621,0.923076927661896,0.473684221506119,0.600000023841858,0.571428596973419,0.441176474094391,0.600000023841858,0.439999997615814,0.333333343267441,0.691999971866608,0.791666686534882,0.3125,0,0,0.375,0.25,0.136363640427589,0.300000011920929,0.133333325386047,0.222222223877907,"0",0.536514639854431,"3",0.5,1,1.5,2,2.5,3,3.5,4,4.5,5,5.5,6,6.5,7,7.5,8,8.5,9,9.5,10,10.5,11,11.5,12,12.5,13,13.5,14,14.5,15,15.5,16,16.5,17,17.5,18,18.5,19,0,0,0,0,0,0,0,0,0,0,0,0,0,0,0,0,0,0,0,0,0,0,0,0,0,0,0,0,0,0,1,1,0,0,0,0,0,0,2,2,9.6493181445112e-08,0.99999988079071,6.30573637749876e-09,6.0659598146489e-23,"50","MI41436"
"51","51","0","0","0",0.911111116409302,0.895833313465118,0.816326558589935,0.875,0.907407402992249,0.846153855323792,0.727272748947144,0.698412716388702,0.351851850748062,NA,0.722222208976746,0.892857134342194,0.638888895511627,0.647058844566345,0.740740716457367,0.379310339689255,0.477272719144821,0.538461565971375,0.454545438289642,0.583333313465118,0.833333313465118,0.203125,0.716666698455811,0.844827592372894,0.661290347576141,0,0,0.189600005745888,0,0,0.379999995231628,0,0,0.595744669437408,0.561403512954712,0.959744691848755,0.540540516376495,0.555555582046509,"0",0.544483602046967,"3",0.5,1,1.5,2,2.5,3,3.5,4,4.5,5,5.5,6,6.5,7,7.5,8,8.5,9,9.5,10,10.5,11,11.5,12,12.5,13,13.5,14,14.5,15,15.5,16,16.5,17,17.5,18,18.5,19,0,0,0,0,0,0,0,0,0,1,0,0,0,0,0,0,0,0,0,0,0,0,0,0,0,1,1,0,1,1,0,1,1,0,0,0,0,0,7,2,0.00917092245072126,0.990829050540924,4.73846100135233e-08,2.56596181898575e-22,"51","MN02711"
"52","52","0","0","0",0.769230782985687,0.657142877578735,0.800000011920929,0.86956524848938,0.699999988079071,0.404761910438538,0.322580635547638,0.404255330562592,1,1,0.8125,0.538461565971375,0.5,0.666666686534882,0.800000011920929,0.684210538864136,0,0.75,0,0.800000011920929,0.777777791023254,0,0.69696968793869,0.720000028610229,0.551724135875702,0.879999995231628,0.923076927661896,0.958329975605011,0,0.785714268684387,1,0,0,0.708333313465118,0.764705896377563,0.714285731315613,0,0,"0",0.577902436256409,"3",0.5,1,1.5,2,2.5,3,3.5,4,4.5,5,5.5,6,6.5,7,7.5,8,8.5,9,9.5,10,10.5,11,11.5,12,12.5,13,13.5,14,14.5,15,15.5,16,16.5,17,17.5,18,18.5,19,0,0,0,0,0,0,0,0,0,0,0,0,0,0,0,0,1,0,1,0,0,1,0,0,0,0,0,0,1,0,0,1,1,0,0,0,1,1,8,NA,NA,NA,NA,NA,"52","MN06209"
"53","53","0","0","0",0.845714271068573,0.95302015542984,0.925619840621948,0.853658556938171,0.864864885807037,0.746913552284241,0.741007208824158,0.761290311813354,0.732240438461304,0.612903237342834,0.714285731315613,0.713043451309204,0.784946262836456,0.77358490228653,0.693181812763214,0.560439586639404,0.603448271751404,0.587786257266998,0.768656730651855,0.857142865657806,0.669421494007111,0.637037038803101,0.613333344459534,0.692810475826263,0.816901385784149,0.6822429895401,0.752380967140198,0.5,0.484609991312027,0.316239327192307,0.41499999165535,0.62135922908783,0.614449977874756,0.51587301492691,0.375,0.911111116409302,0.530434787273407,0.340000003576279,"0",0.673209309577942,"2",0.5,1,1.5,2,2.5,3,3.5,4,4.5,5,5.5,6,6.5,7,7.5,8,8.5,9,9.5,10,10.5,11,11.5,12,12.5,13,13.5,14,14.5,15,15.5,16,16.5,17,17.5,18,18.5,19,0,0,0,0,0,0,0,0,0,0,0,0,0,0,0,0,0,0,0,0,0,0,0,0,0,0,0,0,0,0,0,0,0,0,0,0,0,0,0,3,0.127970471978188,0.0497440733015537,0.822285413742065,2.8189422351943e-08,"53","MOKPD00"
"54","54","0","0","0",0.796774208545685,0.801444053649902,0.796000003814697,0.799212574958801,0.832599103450775,0.79927009344101,0.794642865657806,0.811715483665466,0.780487775802612,0.823333323001862,0.818584084510803,0.817843854427338,0.318584084510803,0.803921580314636,0.7578125,0.871345043182373,0.786802053451538,0.748387098312378,1.03496503829956,0.918749988079071,0.876404464244843,0.798479080200195,0.806866943836212,0.64102566242218,0.88671875,0.995169103145599,0.674556195735931,0.796459972858429,0.660000026226044,0.671755731105804,0.663999974727631,0.496644288301468,0.711709976196289,0.572519063949585,0.534883737564087,0.807246387004852,0.461077839136124,0.692307710647583,"0",0.754218399524689,"1",0.5,1,1.5,2,2.5,3,3.5,4,4.5,5,5.5,6,6.5,7,7.5,8,8.5,9,9.5,10,10.5,11,11.5,12,12.5,13,13.5,14,14.5,15,15.5,16,16.5,17,17.5,18,18.5,19,0,0,0,0,0,0,0,0,0,0,0,0,0,0,0,0,0,0,0,0,0,0,0,0,0,0,0,0,0,0,0,0,0,0,0,0,0,0,0,3,2.70076798187802e-05,3.72956662886281e-07,0.999029457569122,0.000943144550547004,"54","MOSPD00"
"55","55","0","0","0",1,1,1,NA,1,0.5,1,1,0.666666686534882,1.33333337306976,1,1,1,1,1,1,1,1,0.833333313465118,1,1,NA,0.857142865657806,0.75,1,0,1.25,1,0.800000011920929,1,1,0.666666686534882,1.14199995994568,0.5,1.20000004768372,1,1,0.800000011920929,"0",0.924976170063019,"1",0.5,1,1.5,2,2.5,3,3.5,4,4.5,5,5.5,6,6.5,7,7.5,8,8.5,9,9.5,10,10.5,11,11.5,12,12.5,13,13.5,14,14.5,15,15.5,16,16.5,17,17.5,18,18.5,19,0,0,0,1,0,0,0,0,0,0,0,0,0,0,0,0,0,0,0,0,0,1,0,0,0,1,0,0,0,0,0,0,0,0,0,0,0,0,3,4,1.45720013746548e-12,6.14623912188205e-21,0.00014141273277346,0.999858558177948,"55","NB05501"
"56","56","0","0","0",0.850000023841858,0.518518507480621,0.935483872890472,0.710526347160339,0.951219499111176,0.918918907642365,1,0.971428573131561,0.875,0.804878056049347,0.902438998222351,0.821428596973419,0,0.964285731315613,1,0.959999978542328,1.03225803375244,1,0.931034505367279,0.961538434028625,0.666666686534882,0.888888895511627,0.818181812763214,0.909090936183929,0.727272748947144,0.888888895511627,0.888888895511627,0.935479998588562,0.892857074737549,0.829999983310699,0.810000002384186,0.949999988079071,0.730700016021729,0.483870983123779,0.757575750350952,0.690476179122925,0.522727251052856,0.5,"0",0.815803289413452,"1",0.5,1,1.5,2,2.5,3,3.5,4,4.5,5,5.5,6,6.5,7,7.5,8,8.5,9,9.5,10,10.5,11,11.5,12,12.5,13,13.5,14,14.5,15,15.5,16,16.5,17,17.5,18,18.5,19,0,0,0,0,0,0,0,0,0,0,0,0,1,0,0,0,0,0,0,0,0,0,0,0,0,0,0,0,0,0,0,0,0,0,0,0,0,0,1,3,4.99616987781337e-08,6.67769242679306e-11,0.697753965854645,0.30224597454071,"56","NB02802"
"57","57","0","0","0",0.625,0.821428596973419,0.827586233615875,0.790322601795197,0.641509413719177,0.462962955236435,0.46551725268364,0.560000002384186,0.648648679256439,0.537500023841858,0.473118275403976,0.700934588909149,0.75280898809433,0.594594597816467,0.611940324306488,0.620689630508423,0.533333301544189,0.702127635478973,0.703703701496124,0.926470577716827,0.620253145694733,0.45631068944931,0.565656542778015,0.516483545303345,0.342592597007751,NA,0.448484838008881,0.431033998727798,0.660000026226044,0.579999983310699,0.588888883590698,0.696296274662018,0.532299995422363,0.7379310131073,0.684210538864136,0.689075648784637,0.666666686534882,0.792792797088623,"0",0.621869564056396,"3",0.5,1,1.5,2,2.5,3,3.5,4,4.5,5,5.5,6,6.5,7,7.5,8,8.5,9,9.5,10,10.5,11,11.5,12,12.5,13,13.5,14,14.5,15,15.5,16,16.5,17,17.5,18,18.5,19,0,0,0,0,0,0,0,0,0,0,0,0,0,0,0,0,0,0,0,0,0,0,0,0,0,1,0,0,0,0,0,0,0,0,0,0,0,0,1,1,0.94260311126709,0.0471128709614277,0.0102839935570955,6.27274621134433e-10,"57","NV00201"
"58","58","0","0","0",0.804347813129425,0.807692289352417,0.85185182094574,0.775510191917419,0.772727251052856,0.862745106220245,0.666666686534882,0.840909063816071,0.9375,0.673469364643097,0.581395328044891,0.695652186870575,0.526315808296204,0.783783793449402,0.4375,0.40625,0.315789461135864,0.449999988079071,0.56521737575531,0.5,0.535714268684387,0.727272748947144,0.839999973773956,0.761904776096344,0.621621608734131,1.12000000476837,0.884615361690521,1.19229996204376,0.666666984558105,0.866666674613953,0.882352948188782,0.839999973773956,0.760999977588654,0.552631556987762,0.909090936183929,0.649999976158142,0.600000023841858,0.535714268684387,"0",0.715865135192871,"2",0.5,1,1.5,2,2.5,3,3.5,4,4.5,5,5.5,6,6.5,7,7.5,8,8.5,9,9.5,10,10.5,11,11.5,12,12.5,13,13.5,14,14.5,15,15.5,16,16.5,17,17.5,18,18.5,19,0,0,0,0,0,0,0,0,0,0,0,0,0,0,0,0,0,0,0,0,0,0,0,0,0,0,0,0,0,0,0,0,0,0,0,0,0,0,0,3,0.0917360484600067,7.83903942647157e-06,0.908022522926331,0.000233583908993751,"58","NJ00906"
"59","59","0","0","0",0.703488349914551,0.712643682956696,0.682291686534882,0.627551019191742,0.714285731315613,0.901234567165375,0.85185182094574,0.79347825050354,0.587155938148499,NA,0.638036787509918,0.555555582046509,0.598290622234344,0.678571403026581,0.70114940404892,0.627118647098541,0.575221240520477,0.518518507480621,0.626086950302124,0.607476651668549,0.660714268684387,0.613636374473572,0.70114940404892,0.645833313465118,0.697916686534882,0.617647051811218,0.739130437374115,0.666666686534882,0.783333003520966,0.739130437374115,0.551699995994568,0.633333325386047,0.639999985694885,0.463917523622513,0.380952388048172,0.432692319154739,0.492537319660187,0.3125,"0",0.634399950504303,"3",0.5,1,1.5,2,2.5,3,3.5,4,4.5,5,5.5,6,6.5,7,7.5,8,8.5,9,9.5,10,10.5,11,11.5,12,12.5,13,13.5,14,14.5,15,15.5,16,16.5,17,17.5,18,18.5,19,0,0,0,0,0,0,0,0,0,1,0,0,0,0,0,0,0,0,0,0,0,0,0,0,0,0,0,0,0,0,0,0,0,0,0,0,0,0,1,2,0.0390471257269382,0.795660257339478,0.165292620658875,2.28604801755239e-09,"59","NJNPD00"
"60","60","0","0","0",0.949999988079071,0.913793087005615,0.933333337306976,0.9375,0.819999992847443,0.781818151473999,0.818181812763214,0.892857134342194,0.945945978164673,0.791666686534882,0.884615361690521,0.717391312122345,0.692307710647583,0.759999990463257,0.655172407627106,0.930232584476471,0.680000007152557,0.819999992847443,0.730769217014313,0.804878056049347,1,0.77358490228653,0.800000011920929,0.800000011920929,0.75,0.178571432828903,0.281690150499344,0.675700008869171,0.479999989271164,0.689999997615814,0.970000028610229,0.944444417953491,0.81480997800827,0.641509413719177,0.764705896377563,0.723404288291931,0.763157904148102,0.535714268684387,"0",0.764414608478546,"1",0.5,1,1.5,2,2.5,3,3.5,4,4.5,5,5.5,6,6.5,7,7.5,8,8.5,9,9.5,10,10.5,11,11.5,12,12.5,13,13.5,14,14.5,15,15.5,16,16.5,17,17.5,18,18.5,19,0,0,0,0,0,0,0,0,0,0,0,0,0,0,0,0,0,0,0,0,0,0,0,0,0,0,0,0,0,0,0,0,0,0,0,0,0,0,0,3,0.00105348136276007,7.46687831565396e-08,0.99836939573288,0.000577069935388863,"60","NM00101"
"61","61","0","0","0",0.800000011920929,0.828947365283966,0.920634925365448,0.828125,0.553846120834351,0.6875,0.759259283542633,0.7843137383461,0.636363625526428,0.730769217014313,0.682539701461792,0.879999995231628,0.809523820877075,0.767441868782043,0.710526347160339,0.764705896377563,0.638888895511627,0.657142877578735,0.60869562625885,0.846153855323792,0.621621608734131,0.480769217014313,0.725000023841858,0.506329119205475,0.473118275403976,0.428571432828903,0.396551728248596,0.743589997291565,0.779999971389771,0.529999971389771,0.53658539056778,0.484848469495773,0.449999988079071,0.41071429848671,0.324324309825897,0.296296298503876,0.405405402183533,0.400000005960464,"0",0.628660619258881,"2",0.5,1,1.5,2,2.5,3,3.5,4,4.5,5,5.5,6,6.5,7,7.5,8,8.5,9,9.5,10,10.5,11,11.5,12,12.5,13,13.5,14,14.5,15,15.5,16,16.5,17,17.5,18,18.5,19,0,0,0,0,0,0,0,0,0,0,0,0,0,0,0,0,0,0,0,0,0,0,0,0,0,0,0,0,0,0,0,0,0,0,0,0,0,0,0,2,0.00441686762496829,0.981692135334015,0.0138910030946136,3.535166950841e-12,"61","NY01401"
"62","62","0","0","0",0.696086585521698,0.576999366283417,0.574601352214813,0.694827616214752,0.680149376392365,0.647929012775421,0.570127487182617,0.584283888339996,0.690177977085114,0.562320530414581,0.622662246227264,0.568712651729584,0.684776127338409,NA,0.676531314849854,0.647907674312592,0.633438467979431,0.630071580410004,0.653886556625366,0.457875460386276,0.618836045265198,0.598425209522247,0.591683387756348,0.620441734790802,0.639333784580231,NA,0.648073017597198,0.879599988460541,0.871874988079071,0.838038623332977,0.79040002822876,0.655068099498749,0.287414968013763,0,0,0,0,0,"0",0.552570998668671,"3",0.5,1,1.5,2,2.5,3,3.5,4,4.5,5,5.5,6,6.5,7,7.5,8,8.5,9,9.5,10,10.5,11,11.5,12,12.5,13,13.5,14,14.5,15,15.5,16,16.5,17,17.5,18,18.5,19,0,0,0,0,0,0,0,0,0,0,0,0,0,1,0,0,0,0,0,0,0,0,0,0,0,1,0,0,0,0,0,0,0,1,1,1,1,1,7,NA,NA,NA,NA,NA,"62","NY03030"
"63","63","0","0","0",0.857142865657806,0.870967745780945,0.838709652423859,0.882352948188782,0.909090936183929,0.75862067937851,0.90625,0.839999973773956,0.857142865657806,0.774193525314331,0.85185182094574,0.842105269432068,0.896551728248596,0.774193525314331,0.756097555160522,0.965517222881317,0.89473682641983,0.757575750350952,0.684210538864136,0.657894730567932,0.649999976158142,0.625,0.639999985694885,0.388059705495834,0.571428596973419,0.611111104488373,0.411764711141586,0.421000003814697,0.660000026226044,0.5,0.479999989271164,0.474999994039536,0.595000028610229,0.622641503810883,0.693877577781677,0.360000014305115,0.428571432828903,0.46428570151329,"0",0.68876177072525,"2",0.5,1,1.5,2,2.5,3,3.5,4,4.5,5,5.5,6,6.5,7,7.5,8,8.5,9,9.5,10,10.5,11,11.5,12,12.5,13,13.5,14,14.5,15,15.5,16,16.5,17,17.5,18,18.5,19,0,0,0,0,0,0,0,0,0,0,0,0,0,0,0,0,0,0,0,0,0,0,0,0,0,0,0,0,0,0,0,0,0,0,0,0,0,0,0,3,0.0146128563210368,0.0210105907171965,0.964376509189606,2.18333422452588e-08,"63","NY02701"
"64","64","0","0","0",0.833333313465118,0.833333313465118,0.857142865657806,0.666666686534882,0.75,0.666666686534882,0.333333343267441,1.08333337306976,0.727272748947144,0.642857134342194,0.625,0.666666686534882,0.736842095851898,1,0.625,0.60869562625885,0.615384638309479,0.692307710647583,0.545454561710358,0.800000011920929,0.444444447755814,0.699999988079071,0.571428596973419,0.684210538864136,0.9375,1.11111116409302,0.785714268684387,0.699999988079071,1,1,1,1,1.12000000476837,1,0.75,0.800000011920929,0.222222223877907,0.25,"0",0.746997952461243,"2",0.5,1,1.5,2,2.5,3,3.5,4,4.5,5,5.5,6,6.5,7,7.5,8,8.5,9,9.5,10,10.5,11,11.5,12,12.5,13,13.5,14,14.5,15,15.5,16,16.5,17,17.5,18,18.5,19,0,0,0,0,0,0,0,0,0,0,0,0,0,0,0,0,0,0,0,0,0,0,0,0,0,0,0,0,0,0,0,0,0,0,0,0,0,0,0,3,0.000382618716685101,1.45096322512472e-07,0.988783717155457,0.0108335018157959,"64","NY05907"
"65","65","0","0","0",0.971428573131561,0.802631556987762,0.805194795131683,0.740740716457367,0.802631556987762,0.72826087474823,0.792207777500153,0.737704932689667,0.607843160629272,0.860000014305115,0.716666698455811,0.980392158031464,0.875,0.954545438289642,0.685185194015503,0.844827592372894,1,0.818181812763214,0.6875,0.716216206550598,0.833333313465118,0.669565200805664,0.84466016292572,0.778688490390778,1.0561797618866,0.797752797603607,0.802816927433014,0.72299998998642,0.649999976158142,0.779999971389771,0.800000011920929,0.80303031206131,0.560000002384186,0.647058844566345,0.686747014522552,0.671052634716034,0.7108433842659,0.844827592372894,"0",0.783860921859741,"1",0.5,1,1.5,2,2.5,3,3.5,4,4.5,5,5.5,6,6.5,7,7.5,8,8.5,9,9.5,10,10.5,11,11.5,12,12.5,13,13.5,14,14.5,15,15.5,16,16.5,17,17.5,18,18.5,19,0,0,0,0,0,0,0,0,0,0,0,0,0,0,0,0,0,0,0,0,0,0,0,0,0,0,0,0,0,0,0,0,0,0,0,0,0,0,0,3,1.4957155144657e-05,2.81640621935253e-09,0.966164410114288,0.0338206067681313,"65","NC06001"
"66","66","0","0","0",0.710526347160339,0.833333313465118,0.765957474708557,0.941176474094391,0.625,0.714285731315613,0.484848469495773,0.355555564165115,0.40625,0.566666662693024,1.04545450210571,1.09090912342072,1,1,0.875,0.785714268684387,0.722222208976746,0.888888895511627,0.9375,0.916666686534882,0.699999988079071,0.685714304447174,0.304347842931747,0.481481492519379,0.857142865657806,0.638888895511627,0.52173912525177,0.75,0.760999977588654,0.660000026226044,0.476190477609634,0.600000023841858,0.785000026226044,0.566666662693024,0.407407402992249,0.75,0.75,0.25,"0",0.700303554534912,"2",0.5,1,1.5,2,2.5,3,3.5,4,4.5,5,5.5,6,6.5,7,7.5,8,8.5,9,9.5,10,10.5,11,11.5,12,12.5,13,13.5,14,14.5,15,15.5,16,16.5,17,17.5,18,18.5,19,0,0,0,0,0,0,0,0,0,0,0,0,0,0,0,0,0,0,0,0,0,0,0,0,0,0,0,0,0,0,0,0,0,0,0,0,0,0,0,3,0.000569260388147086,0.000828342861495912,0.998596668243408,5.75366766497609e-06,"66","NC04102"
"67","67","0","0","0",1.20000004768372,0.769230782985687,0.920000016689301,0.600000023841858,0.8125,0.823529422283173,0.800000011920929,1,0.75,1.17647063732147,0.916666686534882,0.636363625526428,1,1,0.75,1.07692313194275,0.75,0.866666674613953,1.18181812763214,0.933333337306976,0.958333313465118,0.961538434028625,0.842105269432068,1.03448271751404,0.870967745780945,0.89473682641983,0.800000011920929,1.07142901420593,1.10714280605316,0.959999978542328,1,0.909090936183929,1.52999997138977,1.10526311397552,0.526315808296204,0.52173912525177,0.735294103622437,0.5,"0",0.90241950750351,"1",0.5,1,1.5,2,2.5,3,3.5,4,4.5,5,5.5,6,6.5,7,7.5,8,8.5,9,9.5,10,10.5,11,11.5,12,12.5,13,13.5,14,14.5,15,15.5,16,16.5,17,17.5,18,18.5,19,0,0,0,0,0,0,0,0,0,0,0,0,0,0,0,0,0,0,0,0,0,0,0,0,0,0,0,0,0,0,0,0,0,0,0,0,0,0,0,4,4.99460634526341e-14,3.01782597011451e-20,0.00015916969277896,0.99984085559845,"67","NC09201"
"68","68","0","0","0",0.875,0.892857134342194,1.02439022064209,0.833333313465118,0.847457647323608,0.955555558204651,0.833333313465118,0.935483872890472,0.5,1.04347825050354,0.888888895511627,0.875,0.75,0.789473652839661,NA,0.823529422283173,0.879999995231628,0.809523820877075,0.899999976158142,0.571428596973419,0.863636374473572,0.800000011920929,0.959999978542328,0,0.95652174949646,0.777777791023254,0,NA,0.660000026226044,0.666666686534882,0.639999985694885,0.642857134342194,0.419999986886978,0.518518507480621,0.407407402992249,0.818181812763214,0.8125,0.449999988079071,"0",0.733966708183289,"2",0.5,1,1.5,2,2.5,3,3.5,4,4.5,5,5.5,6,6.5,7,7.5,8,8.5,9,9.5,10,10.5,11,11.5,12,12.5,13,13.5,14,14.5,15,15.5,16,16.5,17,17.5,18,18.5,19,0,0,0,0,0,0,0,0,0,0,0,0,0,0,1,0,0,0,0,0,0,0,0,1,0,0,1,1,0,0,0,0,0,0,0,0,0,0,4,3,0.00343452906236053,6.72437090543099e-05,0.996493697166443,4.5488636715163e-06,"68","OH07701"
"69","69","0","0","0",0.925531923770905,0.785046756267548,0.878504693508148,0.742268025875092,0.842696607112885,0.822916686534882,NA,0.88043475151062,NA,1.05555558204651,0.823529422283173,0.957446813583374,NA,NA,NA,0.933333337306976,NA,0.840579688549042,0.808510661125183,0.800000011920929,0.823529422283173,0.909090936183929,0.759999990463257,0.857142865657806,0.868421077728271,0.823529422283173,0.75,NA,0.75,0.75,0.391304343938828,0.368421047925949,0.469999998807907,0.455696195363998,0.5,0.483870983123779,0.45333331823349,0.709090888500214,"0",0.749025344848633,"1",0.5,1,1.5,2,2.5,3,3.5,4,4.5,5,5.5,6,6.5,7,7.5,8,8.5,9,9.5,10,10.5,11,11.5,12,12.5,13,13.5,14,14.5,15,15.5,16,16.5,17,17.5,18,18.5,19,0,0,0,0,0,0,1,0,1,0,0,0,1,1,1,0,1,0,0,0,0,0,0,0,0,0,0,1,0,0,0,0,0,0,0,0,0,0,7,3,2.68921176029835e-05,1.43922661663964e-05,0.999844253063202,0.000114487876999192,"69","OHCIP00"
"70","70","0","0","0",0.767741918563843,0.870431900024414,0.808510661125183,0.9158576130867,0.761329293251038,0.799352765083313,0.850980401039124,0.680147051811218,0.733644843101501,0.716363668441772,0.695167303085327,0.621276617050171,0.845000028610229,0.777777791023254,0.730769217014313,0.706766903400421,0.825396835803986,0.801369845867157,0.792857110500336,0.748299300670624,0.725146174430847,0.681564271450043,0.716049373149872,0.678571403026581,0.731343269348145,0.705426335334778,0.707547187805176,0.567901015281677,0.660000026226044,0.699999988079071,0.684931516647339,0.683544278144836,0.755999982357025,0.300000011920929,0.389610379934311,0.411111116409302,0.527272701263428,0.506024122238159,"0",0.699502229690552,"2",0.5,1,1.5,2,2.5,3,3.5,4,4.5,5,5.5,6,6.5,7,7.5,8,8.5,9,9.5,10,10.5,11,11.5,12,12.5,13,13.5,14,14.5,15,15.5,16,16.5,17,17.5,18,18.5,19,0,0,0,0,0,0,0,0,0,0,0,0,0,0,0,0,0,0,0,0,0,0,0,0,0,0,0,0,0,0,0,0,0,0,0,0,0,0,0,3,0.00154595193453133,0.00172984891105443,0.996723234653473,9.82100004875974e-07,"70","OHCLP00"
"71","71","0","0","0",0.949367105960846,0.845238089561462,1.06024098396301,1,0.950495064258575,0.88095235824585,NA,NA,0.925373136997223,0.753623187541962,0.534090936183929,0.593406617641449,0.5,0.773333311080933,0.838709652423859,0.847222208976746,0.730769217014313,0.694117665290833,0.768115937709808,0.777777791023254,0.651685416698456,0.579710125923157,0.80530971288681,0.609523832798004,0.860000014305115,0.28571429848671,0.674157321453094,0.273799985647202,0.360000014305115,0.469999998807907,0.477609992027283,0.493827164173126,0.560000002384186,0.563106775283813,0.282352954149246,0.379746854305267,0.389999985694885,0.52439022064209,"0",0.657326877117157,"2",0.5,1,1.5,2,2.5,3,3.5,4,4.5,5,5.5,6,6.5,7,7.5,8,8.5,9,9.5,10,10.5,11,11.5,12,12.5,13,13.5,14,14.5,15,15.5,16,16.5,17,17.5,18,18.5,19,0,0,0,0,0,0,1,1,0,0,0,0,0,0,0,0,0,0,0,0,0,0,0,0,0,0,0,0,0,0,0,0,0,0,0,0,0,0,2,2,0.0841522142291069,0.498429000377655,0.41741880774498,4.03664518477953e-10,"71","OHCOP00"
"72","72","0","0","0",0.886363625526428,0.833333313465118,0.909090936183929,0.833333313465118,0.816666662693024,0.836734712123871,0.730769217014313,0.603448271751404,0.875,0.775510191917419,0.777777791023254,0.775862097740173,0.933333337306976,0.702127635478973,0.631578922271729,0.85185182094574,0.857142865657806,0.852941155433655,0.800000011920929,0.853658556938171,0.567567586898804,0.621621608734131,0.711111128330231,0.826086938381195,0.720930218696594,0.702702701091766,0.612903237342834,0.884609997272491,0.954545438289642,1,0.833299994468689,0.800000011920929,0.709999978542328,0.75,0.800000011920929,1.30769228935242,0.777777791023254,0.727272748947144,"0",0.801174879074097,"1",0.5,1,1.5,2,2.5,3,3.5,4,4.5,5,5.5,6,6.5,7,7.5,8,8.5,9,9.5,10,10.5,11,11.5,12,12.5,13,13.5,14,14.5,15,15.5,16,16.5,17,17.5,18,18.5,19,0,0,0,0,0,0,0,0,0,0,0,0,0,0,0,0,0,0,0,0,0,0,0,0,0,0,0,0,0,0,0,0,0,0,0,0,0,0,0,3,0.000111305962491315,3.47597124694676e-11,0.571374714374542,0.428514003753662,"72","OH04807"
"73","73","0","0","0",0.593220353126526,0.678160905838013,0.916666686534882,0.805555582046509,0.932584285736084,0.958333313465118,0.912087917327881,0.941176474094391,0.746268689632416,1,0.884615361690521,0.808219194412231,0.888888895511627,0.838709652423859,0.884057998657227,0.857142865657806,0.8852459192276,0.884615361690521,0.688524603843689,0.940298497676849,0.971014499664307,0.859649121761322,0.803278684616089,0.823529422283173,0.782608687877655,0.978070199489594,0.797101438045502,0.765625,0.576271176338196,0.857142865657806,0.871794879436493,0.577777802944183,1.02499997615814,0.629629611968994,0.636363625526428,0.603448271751404,0.666666686534882,0.753846168518066,"0",0.816399753093719,"1",0.5,1,1.5,2,2.5,3,3.5,4,4.5,5,5.5,6,6.5,7,7.5,8,8.5,9,9.5,10,10.5,11,11.5,12,12.5,13,13.5,14,14.5,15,15.5,16,16.5,17,17.5,18,18.5,19,0,0,0,0,0,0,0,0,0,0,0,0,0,0,0,0,0,0,0,0,0,0,0,0,0,0,0,0,0,0,0,0,0,0,0,0,0,0,0,3,1.08830477074662e-07,4.22924091580956e-11,0.685793936252594,0.314205944538116,"73","OK05506"
"74","74","0","0","0",0.837209284305573,0.905660390853882,0.879999995231628,0.699999988079071,0.961538434028625,0.825396835803986,0.883720934391022,0.837209284305573,0.822222232818604,0.86956524848938,0.833333313465118,0.914893627166748,0.875,0.714285731315613,0.800000011920929,0.714285731315613,0.666666686534882,0.837837815284729,0.800000011920929,0.777777791023254,0.75862067937851,0.977777779102325,0.861111104488373,0.781818151473999,1.02222216129303,0.8125,0.705882370471954,0.75,0.875,1.29999995231628,0.818099975585938,0.660000026226044,1,0.931034505367279,0.603773593902588,0.981818199157715,0.819999992847443,0.838235318660736,"0",0.84090781211853,"1",0.5,1,1.5,2,2.5,3,3.5,4,4.5,5,5.5,6,6.5,7,7.5,8,8.5,9,9.5,10,10.5,11,11.5,12,12.5,13,13.5,14,14.5,15,15.5,16,16.5,17,17.5,18,18.5,19,0,0,0,0,0,0,0,0,0,0,0,0,0,0,0,0,0,0,0,0,0,0,0,0,0,0,0,0,0,0,0,0,0,0,0,0,0,0,0,4,7.92139331906583e-08,1.16617260010991e-14,0.0340653024613857,0.965934634208679,"74","OK07205"
"75","75","0","0","0",0.506493508815765,0.413793087005615,0.419642865657806,0.449999988079071,0.761194050312042,0.760563373565674,0.652777791023254,0.506329119205475,0.714285731315613,0.571428596973419,NA,0.789473652839661,0.702702701091766,0.472222208976746,0.764705896377563,0.733333349227905,0.574468076229095,0.701492547988892,0.56521737575531,0.824999988079071,0.69696968793869,0.490566045045853,0.58695650100708,0.620689630508423,0.673076927661896,0.5,0.538461565971375,0.346154004335403,0.333333343267441,0,0,0,0.310000002384186,0.449999988079071,0.600000023841858,0.454545438289642,0.5,0.368421047925949,"0",0.523089110851288,"3",0.5,1,1.5,2,2.5,3,3.5,4,4.5,5,5.5,6,6.5,7,7.5,8,8.5,9,9.5,10,10.5,11,11.5,12,12.5,13,13.5,14,14.5,15,15.5,16,16.5,17,17.5,18,18.5,19,0,0,0,0,0,0,0,0,0,0,1,0,0,0,0,0,0,0,0,0,0,0,0,0,0,0,0,0,0,1,1,1,0,0,0,0,0,0,4,2,4.59927150586736e-07,0.999999523162842,8.93856366701584e-09,1.31660900227516e-21,"75","OR02602"
"76","76","0","0","0",0.767151772975922,0.856332719326019,0.846774160861969,0.814889311790466,0.808764934539795,0.845841765403748,0.891687631607056,0.789610385894775,0.67787116765976,0.680904507637024,0.602272748947144,0.82880437374115,0.858433723449707,0.863057315349579,0.958333313465118,0.769230782985687,0.819242000579834,0.831360936164856,0.759999990463257,0.786641955375671,0.791999995708466,0.800000011920929,0.800000011920929,0.715261936187744,0.668316841125488,0.655092597007751,0.692857146263123,0.743650019168854,0.745562136173248,0.709999978542328,0.708400011062622,0.759999990463257,0.800000011920929,0.625994682312012,0.555282533168793,0.584183692932129,0.749244689941406,0.754966914653778,"0",0.76100093126297,"1",0.5,1,1.5,2,2.5,3,3.5,4,4.5,5,5.5,6,6.5,7,7.5,8,8.5,9,9.5,10,10.5,11,11.5,12,12.5,13,13.5,14,14.5,15,15.5,16,16.5,17,17.5,18,18.5,19,0,0,0,0,0,0,0,0,0,0,0,0,0,0,0,0,0,0,0,0,0,0,0,0,0,0,0,0,0,0,0,0,0,0,0,0,0,0,0,3,0.000107707528513856,9.23832814692105e-08,0.997826159000397,0.00206606602296233,"76","PAPEP00"
"77","77","0","0","0",0.923076927661896,0.927710831165314,0.958904087543488,0.910447776317596,0.948453605175018,0.886363625526428,0.887323915958405,0.814285695552826,0.818181812763214,0.705882370471954,0.846153855323792,0.938775539398193,0.803921580314636,0.795454561710358,0.78723406791687,1,0.893617033958435,0.594594597816467,1,0.9375,0.945945978164673,0.947368443012238,0.800000011920929,0.699999988079071,0.78125,0.833333313465118,0.659574449062347,0.777779996395111,0.689999997615814,0.920000016689301,0.740000009536743,0.745454549789429,0.833000004291534,0.698412716388702,0.642857134342194,0.730769217014313,0.472222208976746,0.717948734760284,"0",0.816152572631836,"1",0.5,1,1.5,2,2.5,3,3.5,4,4.5,5,5.5,6,6.5,7,7.5,8,8.5,9,9.5,10,10.5,11,11.5,12,12.5,13,13.5,14,14.5,15,15.5,16,16.5,17,17.5,18,18.5,19,0,0,0,0,0,0,0,0,0,0,0,0,0,0,0,0,0,0,0,0,0,0,0,0,0,0,0,0,0,0,0,0,0,0,0,0,0,0,0,3,1.06566324120649e-06,8.4150637846836e-11,0.915437698364258,0.0845612213015556,"77","PAPPD00"
"78","78","0","0","0",0.834710717201233,0.944444417953491,0.927272737026215,0.733333349227905,0.783783793449402,0.518918931484222,0.852459013462067,0.820652186870575,0.956140339374542,0.951923072338104,0.585526347160339,0.0526315793395042,0,0.897637784481049,0.769911527633667,0.691056907176971,0.962732911109924,1,0.88505744934082,0.875862061977386,0.878787875175476,0.906976759433746,0.700564980506897,0.816831707954407,0.646341443061829,0.593406617641449,0.784883737564087,0.782608985900879,0.660000026226044,0.609375,0.689999997615814,0.705521464347839,0.779999971389771,0.717391312122345,0.664429545402527,0.564885497093201,0.60869562625885,0.69696968793869,"0",0.732940137386322,"2",0.5,1,1.5,2,2.5,3,3.5,4,4.5,5,5.5,6,6.5,7,7.5,8,8.5,9,9.5,10,10.5,11,11.5,12,12.5,13,13.5,14,14.5,15,15.5,16,16.5,17,17.5,18,18.5,19,0,0,0,0,0,0,0,0,0,0,0,0,1,0,0,0,0,0,0,0,0,0,0,0,0,0,0,0,0,0,0,0,0,0,0,0,0,0,1,3,0.00183627440128475,3.5198429486627e-06,0.997885525226593,0.00027469449560158,"78","TNMPD00"
"79","79","0","0","0",0.549549579620361,0.475806444883347,0.592920362949371,0.517730474472046,0.457516342401505,0.471544712781906,0.469565212726593,0.267175555229187,0.320987641811371,0.449438214302063,0,0.0493827201426029,0.686567187309265,0.638554215431213,0.638888895511627,NA,0.691489338874817,0.709999978542328,0.658536612987518,0.742857158184052,0.5,0.467391312122345,0.355555564165115,0.370786517858505,0.459459453821182,0.390476197004318,0.566666662693024,0.611110985279083,0.494940012693405,0.569999992847443,0.660000026226044,0.688524603843689,0.703125,0.463157892227173,0.600000023841858,0.315068483352661,0.421052634716034,0.468354433774948,"0",0.499842703342438,"3",0.5,1,1.5,2,2.5,3,3.5,4,4.5,5,5.5,6,6.5,7,7.5,8,8.5,9,9.5,10,10.5,11,11.5,12,12.5,13,13.5,14,14.5,15,15.5,16,16.5,17,17.5,18,18.5,19,0,0,0,0,0,0,0,0,0,0,1,0,0,0,0,1,0,0,0,0,0,0,0,0,0,0,0,0,0,0,0,0,0,0,0,0,0,0,2,2,0.000256359286140651,0.999743640422821,2.34096280138374e-08,2.14162812080176e-19,"79","TN01901"
"80","80","0","0","0",1,1,0.888888895511627,1,0.888888895511627,1,1,0.666666686534882,0.666666686534882,0.727272748947144,1.42857146263123,1.13333332538605,1.28571426868439,0.875,0.769230782985687,0.699999988079071,0.791666686534882,0.722222208976746,1,0.909090936183929,1,0.653846144676208,0.6875,1,0.833333313465118,1.11111116409302,0.764705896377563,0.692307710647583,0.709999978542328,0.545454561710358,0.670000016689301,0.666666686534882,0.42849999666214,1,1.07142853736877,0.538461565971375,1,0.916666686534882,"0",0.861663043498993,"1",0.5,1,1.5,2,2.5,3,3.5,4,4.5,5,5.5,6,6.5,7,7.5,8,8.5,9,9.5,10,10.5,11,11.5,12,12.5,13,13.5,14,14.5,15,15.5,16,16.5,17,17.5,18,18.5,19,0,0,0,0,0,0,0,0,0,0,0,0,0,0,0,0,0,0,0,0,0,0,0,0,0,0,0,0,0,0,0,0,0,0,0,0,0,0,0,4,5.96001292763049e-08,1.91311877906393e-14,0.161899238824844,0.838100731372833,"80","TX22001"
"81","81","0","0","0",1.06818187236786,1.07500004768372,0.939999997615814,1.11904764175415,0.88095235824585,0.958333313465118,0.921052634716034,0.964912295341492,0.921052634716034,0.860465109348297,0.886363625526428,0.871794879436493,0.456140339374542,0.74137932062149,0.661016941070557,0.923076927661896,0.770833313465118,0.948717951774597,0.840909063816071,0.74193549156189,0.553191483020782,0.734693884849548,0.864864885807037,0.871794879436493,0.945945978164673,0,0,0.75,0.800000011920929,0.809523820877075,0.800000011920929,0.629629611968994,0.730000019073486,0.961538434028625,0.850000023841858,0.633333325386047,1,0.954545438289642,"0",0.80105859041214,"1",0.5,1,1.5,2,2.5,3,3.5,4,4.5,5,5.5,6,6.5,7,7.5,8,8.5,9,9.5,10,10.5,11,11.5,12,12.5,13,13.5,14,14.5,15,15.5,16,16.5,17,17.5,18,18.5,19,0,0,0,0,0,0,0,0,0,0,0,0,0,0,0,0,0,0,0,0,0,0,0,0,0,1,1,0,0,0,0,0,0,0,0,0,0,0,2,3,0.00746147381141782,4.98277308302875e-10,0.987357974052429,0.00518056005239487,"81","TX22701"
"82","82","0","0","0",0.9375,0.848484873771667,0.896551728248596,0.884615361690521,0.857142865657806,1.04761910438538,1,0.833333313465118,0.979591846466064,0.964285731315613,0.852941155433655,0.649122834205627,1.04878044128418,0.902438998222351,0.972222208976746,0.862068951129913,1,0.949999988079071,0.884615361690521,0.947368443012238,0.899999976158142,1,0.899999976158142,0.705882370471954,1.07692313194275,0.870967745780945,0.944444417953491,0.722221970558167,0.777999997138977,0.933333337306976,0.833333313465118,0.947368443012238,0.875,1.125,0.571428596973419,1.11764705181122,0.842105269432068,0.75,"0",0.900324702262878,"1",0.5,1,1.5,2,2.5,3,3.5,4,4.5,5,5.5,6,6.5,7,7.5,8,8.5,9,9.5,10,10.5,11,11.5,12,12.5,13,13.5,14,14.5,15,15.5,16,16.5,17,17.5,18,18.5,19,0,0,0,0,0,0,0,0,0,0,0,0,0,0,0,0,0,0,0,0,0,0,0,0,0,0,0,0,0,0,0,0,0,0,0,0,0,0,0,4,2.59533562176062e-12,8.86378503948724e-20,0.000422564218752086,0.999577462673187,"82","TX17802"
"83","83","0","0","0",0.888888895511627,0.891525447368622,0.888059675693512,0.879598677158356,0.697318017482758,0.890965759754181,0.836012840270996,0.806557357311249,0.91304349899292,0.762987017631531,0.721003115177155,0.859060406684875,0.738562107086182,0.77238804101944,0.731292545795441,0.704318940639496,0.642651319503784,0.687306523323059,0.691256821155548,0.757834732532501,0.700223684310913,0.699999988079071,0.767441868782043,0.782334387302399,0.684745788574219,0.750902533531189,0.709677398204803,0.73333328962326,0.571399986743927,0.670157074928284,0.567099571228027,0.524793386459351,0.620000004768372,0.742574274539948,0.807486653327942,0.579999983310699,0.652941167354584,0.656626522541046,"0",0.736378133296967,"2",0.5,1,1.5,2,2.5,3,3.5,4,4.5,5,5.5,6,6.5,7,7.5,8,8.5,9,9.5,10,10.5,11,11.5,12,12.5,13,13.5,14,14.5,15,15.5,16,16.5,17,17.5,18,18.5,19,0,0,0,0,0,0,0,0,0,0,0,0,0,0,0,0,0,0,0,0,0,0,0,0,0,0,0,0,0,0,0,0,0,0,0,0,0,0,0,3,0.00353807024657726,3.9581059354532e-06,0.996406972408295,5.09904602949973e-05,"83","TXDPD00"
"84","84","0","0","0",0.860465109348297,0.711864411830902,0.851063847541809,0.80701756477356,0.854166686534882,0.68085104227066,0.645161271095276,0.651515126228333,0.727272748947144,1,0.963636338710785,0.944444417953491,0.595238089561462,0.878787875175476,0.800000011920929,1.13636362552643,0.872340440750122,0.920000016689301,0.806451618671417,0.853658556938171,0.882352948188782,0.823529422283173,0.893617033958435,0.939999997615814,0.727272748947144,0.947368443012238,0.733333349227905,0.666670024394989,0.709999978542328,0.75,1,0.714285731315613,0.939999997615814,0.928571403026581,0.769230782985687,1,1,1.08333337306976,"0",0.843943774700165,"1",0.5,1,1.5,2,2.5,3,3.5,4,4.5,5,5.5,6,6.5,7,7.5,8,8.5,9,9.5,10,10.5,11,11.5,12,12.5,13,13.5,14,14.5,15,15.5,16,16.5,17,17.5,18,18.5,19,0,0,0,0,0,0,0,0,0,0,0,0,0,0,0,0,0,0,0,0,0,0,0,0,0,0,0,0,0,0,0,0,0,0,0,0,0,0,0,4,9.18624820656078e-09,6.94739758530207e-16,0.00604937039315701,0.993950605392456,"84","TX07102"
"85","85","0","0","0",0.754385948181152,0.818181812763214,0.798165142536163,0.758241772651672,0.487804889678955,0.762376248836517,0.942857146263123,0.775193810462952,0.941860496997833,0.717171728610992,0.766355156898499,0.619469046592712,0.796116471290588,0.794642865657806,0.932773113250732,0.78125,0.615000009536743,0.711111128330231,1.09278345108032,0.911504447460175,0.723076939582825,0.738461554050446,0.823529422283173,0.718518495559692,0.628787875175476,0.731481492519379,0.661764681339264,0.216216221451759,0.660000026226044,0.829999983310699,0.836065590381622,0.701492547988892,0.860000014305115,0.866666674613953,0.419999986886978,0.637931048870087,0.836734712123871,0.772727251052856,"0",0.748439431190491,"2",0.5,1,1.5,2,2.5,3,3.5,4,4.5,5,5.5,6,6.5,7,7.5,8,8.5,9,9.5,10,10.5,11,11.5,12,12.5,13,13.5,14,14.5,15,15.5,16,16.5,17,17.5,18,18.5,19,0,0,0,0,0,0,0,0,0,0,0,0,0,0,0,0,0,0,0,0,0,0,0,0,0,0,0,0,0,0,0,0,0,0,0,0,0,0,0,3,0.00036948177148588,3.12857281414836e-07,0.997959852218628,0.00167037581559271,"85","TX22012"
"86","86","0","0","0",1.33333337306976,0.916666686534882,0.800000011920929,0.909090936183929,0.400000005960464,0.818181812763214,0.865384638309479,1.14285719394684,1.05882358551025,1,1,1,0.75,0.875,0.625,0.857142865657806,0.733333349227905,1.20000004768372,0.875,1,0.916666686534882,1,0.933333337306976,0.916666686534882,0.899999976158142,1.28571426868439,0.642857134342194,1.5,0,0,0.5,1.22222220897675,0.720000028610229,1.14285719394684,2,1.14285719394684,0.899999976158142,0.857142865657806,"0",0.914214015007019,"1",0.5,1,1.5,2,2.5,3,3.5,4,4.5,5,5.5,6,6.5,7,7.5,8,8.5,9,9.5,10,10.5,11,11.5,12,12.5,13,13.5,14,14.5,15,15.5,16,16.5,17,17.5,18,18.5,19,0,0,0,0,0,0,0,0,0,0,0,0,0,0,0,0,0,0,0,0,0,0,0,0,0,0,0,0,1,1,0,0,0,0,0,0,0,0,2,4,9.35316754602233e-12,9.42170935575599e-22,6.17349214735441e-05,0.999938249588013,"86","TX05711"
"87","87","0","0","0",0.89645779132843,0.882513642311096,0.867256641387939,0.882911384105682,0.794594585895538,0.734536051750183,0.833333313465118,0.716748774051666,0.633911371231079,0.618978083133698,0.64059591293335,0.590909063816071,0,0.685053408145905,0.644351482391357,0.747881352901459,0.747619032859802,0.722561001777649,0.636363625526428,0.643006265163422,0.610051989555359,0.674085855484009,0.676470577716827,0.657266795635223,0.657963454723358,0.666666686534882,0.68913859128952,0.6875,0.75,0.819999992847443,0.65939998626709,0.662921369075775,0.725000023841858,0.589820384979248,0.700265228748322,0.774928748607635,0.891156435012817,0.703832745552063,"0",0.697790801525116,"2",0.5,1,1.5,2,2.5,3,3.5,4,4.5,5,5.5,6,6.5,7,7.5,8,8.5,9,9.5,10,10.5,11,11.5,12,12.5,13,13.5,14,14.5,15,15.5,16,16.5,17,17.5,18,18.5,19,0,0,0,0,0,0,0,0,0,0,0,0,1,0,0,0,0,0,0,0,0,0,0,0,0,0,0,0,0,0,0,0,0,0,0,0,0,0,1,1,0.711909115314484,4.17696464865003e-05,0.28804424405098,4.88393288833322e-06,"87","TXHPD00"
"88","88","0","0","0",0.600000023841858,1,0.923076927661896,1.09090912342072,0.846153855323792,0.875,0.857142865657806,0.444444447755814,0.428571432828903,0.600000023841858,1,1,1,1,0.705882370471954,0.75,0.722222208976746,0.785714268684387,0.571428596973419,0.545454561710358,0.5,1,0.642857134342194,1,0.5,1.39999997615814,0.5,0.833333313465118,0.777777791023254,0.600000023841858,0.610000014305115,0.600000023841858,1,1.5,0.666666686534882,0.444444447755814,0.28571429848671,1,"0",0.779126167297363,"1",0.5,1,1.5,2,2.5,3,3.5,4,4.5,5,5.5,6,6.5,7,7.5,8,8.5,9,9.5,10,10.5,11,11.5,12,12.5,13,13.5,14,14.5,15,15.5,16,16.5,17,17.5,18,18.5,19,0,0,0,0,0,0,0,0,0,0,0,0,0,0,0,0,0,0,0,0,0,0,0,0,0,0,0,0,0,0,0,0,0,0,0,0,0,0,0,3,0.000134221656480804,3.68447916621051e-09,0.97645378112793,0.0234119892120361,"88","TX05715"
"89","89","0","0","0",0.935483872890472,1,0.928571403026581,1,0.833333313465118,1,0.916666686534882,0.939393937587738,1.03125,0.870967745780945,1.10000002384186,0.970588266849518,0.961538434028625,0.857142865657806,1.11111116409302,1.04761910438538,0.892857134342194,0.916666686534882,1,0.944444417953491,0.75,0.944444417953491,0.857142865657806,0.823529422283173,1,0.947368443012238,1,1,0.866666674613953,0.829999983310699,0.800000011920929,0.818181812763214,0.909090936183929,1.90909087657928,0.692307710647583,0.933333337306976,0.75,0.615384638309479,"0",0.939583599567413,"1",0.5,1,1.5,2,2.5,3,3.5,4,4.5,5,5.5,6,6.5,7,7.5,8,8.5,9,9.5,10,10.5,11,11.5,12,12.5,13,13.5,14,14.5,15,15.5,16,16.5,17,17.5,18,18.5,19,0,0,0,0,0,0,0,0,0,0,0,0,0,0,0,0,0,0,0,0,0,0,0,0,0,0,0,0,0,0,0,0,0,0,0,0,0,0,0,4,4.94932277805707e-15,1.49693929830377e-23,1.44851401273627e-05,0.99998551607132,"89","TX15202"
"90","90","0","0","0",NA,0.5,NA,1,1,0.5,1,1,0.5,NA,0.800000011920929,1,0.400000005960464,2.5,7,2,1.20000004768372,NA,1.66666662693024,0.833333313465118,0.25,1.33333337306976,1,1.5,1,0.800000011920929,NA,0.5,1,0.800000011920929,0.800000011920929,1.5,0.709999978542328,1.5,0.5,0.5,0.714285731315613,1,"0",1.16083693504333,"1",0.5,1,1.5,2,2.5,3,3.5,4,4.5,5,5.5,6,6.5,7,7.5,8,8.5,9,9.5,10,10.5,11,11.5,12,12.5,13,13.5,14,14.5,15,15.5,16,16.5,17,17.5,18,18.5,19,1,0,1,0,0,0,0,0,0,1,0,0,0,0,0,0,0,1,0,0,0,0,0,0,0,0,1,0,0,0,0,0,0,0,0,0,0,0,5,4,4.19916658238713e-34,1.92701842438124e-38,2.69934031724151e-12,1,"90","TX04306"
"91","91","0","0","0",0.976331353187561,0.910614550113678,0.939393937587738,0.920754730701447,0.923913061618805,0.914027154445648,0.877192974090576,0.742574274539948,0.757352948188782,0.678362548351288,0.769696950912476,0.664864838123322,0.731578946113586,0.661016941070557,0.582417607307434,0.634615361690521,0.563535928726196,0.471794873476028,0.628048777580261,0.526627242565155,0.538095235824585,0.533653855323792,0.4524886906147,0.461883395910263,0.788659811019897,0.563380300998688,0.550847470760345,0.642105281352997,0.670000016689301,0.677083313465118,0.482349991798401,0.970000028610229,0.740000009536743,0.697694420814514,0.403361350297928,0.754098355770111,0.784482777118683,0.868686854839325,"0",0.6961470246315,"2",0.5,1,1.5,2,2.5,3,3.5,4,4.5,5,5.5,6,6.5,7,7.5,8,8.5,9,9.5,10,10.5,11,11.5,12,12.5,13,13.5,14,14.5,15,15.5,16,16.5,17,17.5,18,18.5,19,0,0,0,0,0,0,0,0,0,0,0,0,0,0,0,0,0,0,0,0,0,0,0,0,0,0,0,0,0,0,0,0,0,0,0,0,0,0,0,1,0.954971611499786,1.68943806784227e-05,0.0450114756822586,4.26535606834477e-08,"91","TXSPD00"
"92","92","0","0","0",0.769230782985687,0.800000011920929,0.916666686534882,0.800000011920929,0.823529422283173,0.625,0.857142865657806,0.526315808296204,0.625,0.833333313465118,0.444444447755814,1,NA,0.5,0.75,0.769230782985687,0.5,0.875,0.769230782985687,0.571428596973419,1.28571426868439,0.636363625526428,1,0.692307710647583,0.899999976158142,0.727272748947144,0.923076927661896,0.75,0.660000026226044,0.400000005960464,0.363000005483627,0.660000026226044,0.833299994468689,0.5,0.714285731315613,0.416666656732559,0.583333313465118,0.416666656732559,"0",0.708582162857056,"2",0.5,1,1.5,2,2.5,3,3.5,4,4.5,5,5.5,6,6.5,7,7.5,8,8.5,9,9.5,10,10.5,11,11.5,12,12.5,13,13.5,14,14.5,15,15.5,16,16.5,17,17.5,18,18.5,19,0,0,0,0,0,0,0,0,0,0,0,0,1,0,0,0,0,0,0,0,0,0,0,0,0,0,0,0,0,0,0,0,0,0,0,0,0,0,1,3,0.000569730647839606,0.000241605404880829,0.999173939228058,1.47183282024343e-05,"92","VA10300"
"93","93","0","0","0",0.793103456497192,0.897959172725677,0.904761910438538,0.75,0.898305058479309,0.953488349914551,0.95652174949646,0.948275864124298,0.918367326259613,0.979166686534882,0.944444417953491,0.772727251052856,0.833333313465118,0.967741966247559,0.891891896724701,0.973684191703796,0.89130437374115,0.879999995231628,0.9375,0.964912295341492,0.936507940292358,0.816091954708099,0.873417735099792,0.903225839138031,0.967741966247559,0.849056601524353,1,0.836363017559052,0.810000002384186,0.560000002384186,0.568000018596649,0.533333301544189,0.584999978542328,0.603448271751404,0.357142865657806,0.490196079015732,0.75862067937851,0.571428596973419,"0",0.817817509174347,"1",0.5,1,1.5,2,2.5,3,3.5,4,4.5,5,5.5,6,6.5,7,7.5,8,8.5,9,9.5,10,10.5,11,11.5,12,12.5,13,13.5,14,14.5,15,15.5,16,16.5,17,17.5,18,18.5,19,0,0,0,0,0,0,0,0,0,0,0,0,0,0,0,0,0,0,0,0,0,0,0,0,0,0,0,0,0,0,0,0,0,0,0,0,0,0,0,3,1.48626781992789e-08,3.05054786986503e-10,0.970675766468048,0.0293242130428553,"93","VA11700"
"94","94","0","0","0",0.722891569137573,0.61176472902298,0.738317787647247,0.823529422283173,0.692307710647583,0.75555557012558,0.965517222881317,0.75,0.803571403026581,0.903846144676208,0.666666686534882,0.625,0.579710125923157,0.606557369232178,0.526315808296204,0.623655915260315,0.670731723308563,0.538461565971375,0.626262605190277,0.632653057575226,0.5,0.577586233615875,0.547008574008942,0.5625,0.397515535354614,0.474999994039536,0.508928596973419,0.705034971237183,0.627659559249878,0.300000011920929,0.310799986124039,0.513888895511627,0.28999999165535,0.564705908298492,0.54666668176651,0.722222208976746,1.16666662693024,0.692307710647583,"0",0.628205478191376,"3",0.5,1,1.5,2,2.5,3,3.5,4,4.5,5,5.5,6,6.5,7,7.5,8,8.5,9,9.5,10,10.5,11,11.5,12,12.5,13,13.5,14,14.5,15,15.5,16,16.5,17,17.5,18,18.5,19,0,0,0,0,0,0,0,0,0,0,0,0,0,0,0,0,0,0,0,0,0,0,0,0,0,0,0,0,0,0,0,0,0,0,0,0,0,0,0,1,0.960431218147278,0.0336659252643585,0.00590285519137979,2.27823263726501e-11,"94","VA12200"
"95","95","0","0","0",0.818181812763214,1.20000004768372,1,0.588235318660736,0.763157904148102,0.891891896724701,1,0.949999988079071,0.75,0.699999988079071,1,0.75,1,0.727272748947144,1.07692313194275,0.882352948188782,0.920000016689301,0.818181812763214,0.85185182094574,1,0.764705896377563,0.740740716457367,0.652173936367035,0.826086938381195,1.02941179275513,1,0.899999976158142,0.800000011920929,1.1599999666214,0.810000002384186,0.833333015441895,0.785714268684387,1,0.947368443012238,0.736842095851898,0.8125,0.714285731315613,1,"0",0.873716115951538,"1",0.5,1,1.5,2,2.5,3,3.5,4,4.5,5,5.5,6,6.5,7,7.5,8,8.5,9,9.5,10,10.5,11,11.5,12,12.5,13,13.5,14,14.5,15,15.5,16,16.5,17,17.5,18,18.5,19,0,0,0,0,0,0,0,0,0,0,0,0,0,0,0,0,0,0,0,0,0,0,0,0,0,0,0,0,0,0,0,0,0,0,0,0,0,0,0,4,3.62228913530771e-10,1.69767653788239e-17,0.00310037285089493,0.996899604797363,"95","VA12800"
"96","96","0","0","0",0.7843137383461,0.860000014305115,0.754385948181152,0.674698829650879,0.641975283622742,0.636363625526428,0.513888895511627,0.641509413719177,0.740740716457367,0.736842095851898,0.825396835803986,0.508474588394165,0.90625,NA,0.860000014305115,0.573770463466644,0.939999997615814,0.685185194015503,0.879310369491577,0.846153855323792,0.622641503810883,0.720930218696594,0.600000023841858,0.805970132350922,0.600000023841858,NA,0.684210538864136,0.510204076766968,0.600000023841858,0.610000014305115,0.759999990463257,0.807692289352417,0.889999985694885,0.720000028610229,0.699999988079071,0.958333313465118,0.379310339689255,1.22727274894714,"0",0.727939605712891,"2",0.5,1,1.5,2,2.5,3,3.5,4,4.5,5,5.5,6,6.5,7,7.5,8,8.5,9,9.5,10,10.5,11,11.5,12,12.5,13,13.5,14,14.5,15,15.5,16,16.5,17,17.5,18,18.5,19,0,0,0,0,0,0,0,0,0,0,0,0,0,1,0,0,0,0,0,0,0,0,0,0,0,1,0,0,0,0,0,0,0,0,0,0,0,0,2,3,0.0225658100098372,2.35094876188668e-06,0.975068271160126,0.00236358190886676,"96","WASPD00"
"97","97","0","0","0",0.875,1,0.666666686534882,0.933333337306976,0.714285731315613,0.928571403026581,1.11111116409302,0.615384638309479,0.909090936183929,0.699999988079071,0.727272748947144,0.363636374473572,0.466666668653488,0.850000023841858,0.866666674613953,0.5,0.699999988079071,0.625,1,1.33333337306976,0.777777791023254,0.888888895511627,0.833333313465118,1,0.857142865657806,0.826086938381195,0.866666674613953,0.636300027370453,0.879999995231628,1.16666662693024,1,0.660000026226044,0.850000023841858,1.23076927661896,1,0.833333313465118,1,0.857142865657806,"0",0.843424439430237,"1",0.5,1,1.5,2,2.5,3,3.5,4,4.5,5,5.5,6,6.5,7,7.5,8,8.5,9,9.5,10,10.5,11,11.5,12,12.5,13,13.5,14,14.5,15,15.5,16,16.5,17,17.5,18,18.5,19,0,0,0,0,0,0,0,0,0,0,0,0,0,0,0,0,0,0,0,0,0,0,0,0,0,0,0,0,0,0,0,0,0,0,0,0,0,0,0,4,4.78393573644098e-08,2.44296081040063e-16,0.00383191788569093,0.99616801738739,"97","WA03204"
"98","98","0","0","0",0.724137902259827,0.884615361690521,0.727272748947144,0.777777791023254,0.769230782985687,0.795918345451355,1.09523808956146,0.941176474094391,0.782608687877655,0.846153855323792,0.615384638309479,1,0.25,0.857142865657806,1,1,0.666666686534882,0.708333313465118,0.636363625526428,0.727272748947144,0.920000016689301,0.5625,0.870967745780945,0.441176474094391,0.666666686534882,0.607142865657806,0.699999988079071,0.600000023841858,0.879999995231628,0.888888895511627,1.10000002384186,1.20000004768372,0.850000023841858,0.846153855323792,1.14285719394684,0.583333313465118,0.6875,1.25,"0",0.80532842874527,"1",0.5,1,1.5,2,2.5,3,3.5,4,4.5,5,5.5,6,6.5,7,7.5,8,8.5,9,9.5,10,10.5,11,11.5,12,12.5,13,13.5,14,14.5,15,15.5,16,16.5,17,17.5,18,18.5,19,0,0,0,0,0,0,0,0,0,0,0,0,0,0,0,0,0,0,0,0,0,0,0,0,0,0,0,0,0,0,0,0,0,0,0,0,0,0,0,4,0.000152931839693338,4.91232705554512e-12,0.281460016965866,0.718387067317963,"98","WA02703"
"99","99","0","0","0",1,0.699999988079071,0.875,1,0.888888895511627,0.75,0.833333313465118,0.25,1.5,1,1,0.833333313465118,1,1,0.833333313465118,1,0.333333343267441,1.16666662693024,0.833333313465118,1,1,0.5,1,1,0.5,0.800000011920929,2,0.666700005531311,0.810000002384186,0.75,1,0.833333313465118,0.850000023841858,0.5,1,0.625,0.899999976158142,1.25,"0",0.889006733894348,"1",0.5,1,1.5,2,2.5,3,3.5,4,4.5,5,5.5,6,6.5,7,7.5,8,8.5,9,9.5,10,10.5,11,11.5,12,12.5,13,13.5,14,14.5,15,15.5,16,16.5,17,17.5,18,18.5,19,0,0,0,0,0,0,0,0,0,0,0,0,0,0,0,0,0,0,0,0,0,0,0,0,0,0,0,0,0,0,0,0,0,0,0,0,0,0,0,4,1.05605827901978e-11,2.81343642621862e-19,0.00047796152648516,0.999522030353546,"99","WI01301"
"100","100","0","0","0",0.905882358551025,0.827586233615875,0.882352948188782,0.797979772090912,0.715909063816071,0.842105269432068,0.844827592372894,0.875,0.795918345451355,0.787878811359406,0.815789461135864,0.873239457607269,0.761904776096344,0.884615361690521,0.957446813583374,0.857142865657806,0.809523820877075,0.903225839138031,0.827160477638245,0.80530971288681,0.788819909095764,0.846625745296478,0.849315047264099,0.918238997459412,0.878571450710297,0.826086938381195,0.820895493030548,0.891799986362457,0.814499974250793,0.819999992847443,0.811475396156311,0.834645688533783,0.879999995231628,0.628099143505096,0.592233002185822,0.753380954265594,0.929577469825745,0.777777791023254,"0",0.827180027961731,"1",0.5,1,1.5,2,2.5,3,3.5,4,4.5,5,5.5,6,6.5,7,7.5,8,8.5,9,9.5,10,10.5,11,11.5,12,12.5,13,13.5,14,14.5,15,15.5,16,16.5,17,17.5,18,18.5,19,0,0,0,0,0,0,0,0,0,0,0,0,0,0,0,0,0,0,0,0,0,0,0,0,0,0,0,0,0,0,0,0,0,0,0,0,0,0,0,4,1.73069651054902e-07,1.21613125386028e-12,0.228459164500237,0.771540641784668,"100","WIMPD00"
